,BBCNews_timestamp,BBCNews_tweet_text,BBCNews_cmpd_sntmt,BBCNews_pos_sntmt,BBCNews_neg_sntmt,BBCNews_neu_sntmt,CBSNews_timestamp,CBSNews_tweet_text,CBSNews_cmpd_sntmt,CBSNews_pos_sntmt,CBSNews_neg_sntmt,CBSNews_neu_sntmt,CNN_timestamp,CNN_tweet_text,CNN_cmpd_sntmt,CNN_pos_sntmt,CNN_neg_sntmt,CNN_neu_sntmt,FoxNews_timestamp,FoxNews_tweet_text,FoxNews_cmpd_sntmt,FoxNews_pos_sntmt,FoxNews_neg_sntmt,FoxNews_neu_sntmt,NYT_timestamp,NYT_tweet_text,NYT_cmpd_sntmt,NYT_pos_sntmt,NYT_neg_sntmt,NYT_neu_sntmt
0,01/08/2018 04:08:44,"RT @BBCBreaking: Three Billboards Outside Ebbing, Missouri wins 'Best Motion Picture - Drama'

#GoldenGlobes https://t.co/EYJJHWbjY6 https:‚Ä¶",0.836,0.378,0.0,0.622,01/08/2018 04:35:01,Oprah Winfrey's rousing speech at the Golden Globes stirred more than a standing ovation ‚Äì‚Äì it inflamed rumors that‚Ä¶ https://t.co/xGzi4TxT9F,-0.34,0.0,0.118,0.882,01/08/2018 04:44:03,"Oprah Winfrey may have squashed speculation of a potential presidential bid in 2020, but #GoldenGlobes host Seth Me‚Ä¶ https://t.co/JSp8DMaWWl",0.0,0.0,0.0,1.0,01/08/2018 04:45:02,"This morning on ""Fox &amp; Friends,"" hosts @PeteHegseth, @LisaMarieBoothe, and @GriffJenkins pointed out the big change‚Ä¶ https://t.co/cQWUsaaoH6",0.0,0.0,0.0,1.0,01/08/2018 04:45:02,2018 Golden Globe Red Carpet Pictures. https://t.co/DLZTcC5wjR,0.0,0.0,0.0,1.0
1,01/08/2018 04:03:52,"RT @BBCBreaking: Frances McDormand wins 'Best Actress in a Motion Picture - Drama' for her role in Three Billboards Outside Ebbing, Missour‚Ä¶",0.836,0.305,0.0,0.695,01/08/2018 04:16:24,"""We're here to talk about the extraordinary women, and how brave they are, and in coming forward, and telling their‚Ä¶ https://t.co/GcWoY2fX7X",0.5267,0.145,0.0,0.855,01/08/2018 04:30:14,Ripple's recent price spike has made it the second most valuable cryptocurrency after bitcoin. Here's how it works‚Ä¶ https://t.co/guOHyzhCQS,0.5256,0.159,0.0,0.841,01/08/2018 04:44:03,.@AlanDersh Blasts Fellow Dems Over Claims Trump Is Mentally Ill https://t.co/HWAh4Y9nmB https://t.co/26usWuaNZQ,-0.4215,0.0,0.203,0.797,01/08/2018 04:20:01,Natalie Portman Presents Best Director: ‚ÄòHere Are the All-Male Nominees‚Äô. https://t.co/aPlJpd1RPT,0.6369,0.296,0.0,0.704
2,01/08/2018 03:53:58,"RT @BBCBreaking: Gary Oldman wins 'Best Actor in a Motion Picture - Drama' 

#GoldenGlobes https://t.co/068UHmydVC https://t.co/aePg1yXPrl",0.836,0.397,0.0,0.603,01/08/2018 04:11:05,"""Three Billboards Outside Ebbing, Missouri"" wins best motion picture, drama. #GoldenGlobes https://t.co/AYfcFTVUeV https://t.co/98wO92QzC3",0.836,0.418,0.0,0.582,01/08/2018 04:26:19,Oprah Winfrey became the first black woman to receive the Cecil B. DeMille Award at the #GoldenGlobes and accepted‚Ä¶ https://t.co/yCc1F0pf5r,0.5423,0.156,0.0,0.844,01/08/2018 04:36:05,".@LawrenceBJones3: ""I don't even believe we should be talking about this DACA issue until we take care of American‚Ä¶ https://t.co/t2zpaXcfXL",0.4939,0.144,0.0,0.856,01/08/2018 04:19:01,Stars Will Take Activists to the Golden Globes Red Carpet. https://t.co/iagNWmSye4,0.0,0.0,0.0,1.0
3,01/08/2018 03:46:21,"RT @BBCBreaking: Lady Bird wins 'Best Motion Picture - Comedy/Musical' 

#GoldenGlobes https://t.co/QrKvMydAKS https://t.co/8cBGj7mkcm",0.836,0.441,0.0,0.559,01/08/2018 04:06:07,"""The women in this room tonight are not here for the food... We are here for the work, thank you,"" Frances McDorman‚Ä¶ https://t.co/o8PJQsp0ws",0.3612,0.102,0.0,0.898,01/08/2018 04:22:12,Aziz Ansari is the first Asian male actor to win best leading performance in a TV musical or comedy at the‚Ä¶ https://t.co/m7iR3aWDmm,0.8885,0.368,0.0,0.632,01/08/2018 04:35:05,"On @MediaBuzzFNC, Anthony @Scaramucci slammed Michael Wolff's book ""Fire and Fury,"" and defended the accomplishment‚Ä¶ https://t.co/ogTOr1GBEs",-0.34,0.0,0.138,0.862,01/08/2018 04:18:02,Oprah Winfrey‚Äôs Speech: ‚ÄòA New Day Is on the Horizon‚Äô. https://t.co/nD14HeScyg,0.0,0.0,0.0,1.0
4,01/08/2018 03:38:11,"RT @BBCBreaking: Saoirse Ronan wins 'Best Actress in a Comedy/Musical Motion Picture' for her role in Lady Bird

#GoldenGlobes https://t.co‚Ä¶",0.836,0.317,0.0,0.683,01/08/2018 04:06:00,RT @CBSThisMorning: Monday morning on @CBSThisMorning: We‚Äôll talk to ‚ÄúFire and Fury: Inside the Trump White House‚Äù author Michael Wolff.‚Ä¶,-0.5719,0.0,0.163,0.837,01/08/2018 04:20:03,RT @CNNent: That's a wrap! Thanks for following along with our #GoldenGlobes live blog. https://t.co/Ka6XYBXidk https://t.co/yHeD8tmZsh,0.4926,0.186,0.0,0.814,01/08/2018 04:30:01,"This morning on @foxandfriends, @LisaMarieBoothe discussed @TheDemocrats' recent approach to the issue of illegal i‚Ä¶ https://t.co/lqwEsXqqUR",-0.5574,0.0,0.194,0.806,01/08/2018 04:00:02,James Franco and Tommy Wiseau: Winning Best Actor for the Worst Movie. https://t.co/kt3kXQxJAs,0.5423,0.35,0.189,0.461
5,01/08/2018 03:32:59,Ashes: Australia beat England by innings &amp; 123 runs to seal 4-0 series win https://t.co/U4qAbfTJia,0.5859,0.213,0.0,0.787,01/08/2018 04:02:08,"""Words and actions can change the world, and boy oh boy, does it need to change,"" Gary Oldman says as he closed off‚Ä¶ https://t.co/i5CQU7Wf9H",0.0,0.0,0.0,1.0,01/08/2018 04:15:07,"JetBlue says it's handing out $21 million worth of bonuses to employees because of the corporate tax cut. All 21,00‚Ä¶ https://t.co/DWFUUbMKQ6",0.5267,0.215,0.082,0.703,01/08/2018 04:28:06,".@BillClinton in 1996: ""We are increasing border controls by 50%. We are increasing inspections to prevent the hiri‚Ä¶ https://t.co/7NhfaCW4Bm",0.0258,0.058,0.0,0.942,01/08/2018 03:30:02,Sam Rockwell‚Äôs Golden Globes Win Fuels a Debate. https://t.co/in1dWD8ZAZ,0.5859,0.352,0.0,0.648
6,01/08/2018 03:06:40,Boots pharmacists raise staffing concerns https://t.co/FX3SOe9dFg,0.0,0.0,0.0,1.0,01/08/2018 04:00:56,"""This is a win for us. We're standing in solidarity and there's something to celebrate about that."" Hollywood's big‚Ä¶ https://t.co/wtIpc2Ah54",0.8658,0.377,0.0,0.623,01/08/2018 04:14:43,RT @CNNent: In case you missed tonight's theme at the #GoldenGlobes. https://t.co/WkpndcbYHX https://t.co/EhStbCtQAz,-0.296,0.0,0.155,0.845,01/08/2018 04:22:06,".@gen_jackkeane: ""North Korea's feeling maximum pressure... Economic sanctions are finally starting to take hold."" https://t.co/n3p6ycGRC7",0.128,0.097,0.0,0.903,01/08/2018 03:21:02,"Star Trek: Discovery: ‚ÄòStar Trek: Discovery‚Äô Season 1, Episode 10: Mirrors!. https://t.co/Bl1efQbsmt",0.0,0.0,0.0,1.0
7,01/08/2018 02:50:08,"RT @BBCBreaking: Ewan McGregor wins 'Best Actor in a Television Miniseries' for his role in Fargo

#GoldenGlobes https://t.co/Ow1hcEIybA ht‚Ä¶",0.836,0.331,0.0,0.669,01/08/2018 03:56:29,RT @CBSThisMorning: Gary Oldman wins Best Performance by an Actor in a Motion Picture - Drama for his role in @DarkestHour. #GoldenGlobes h‚Ä¶,0.836,0.294,0.0,0.706,01/08/2018 04:10:22,"RT @CNNent: ""Three Billboards Outside Ebbing, Missouri"" wins Best Motion Picture - Drama. #GoldenGlobes @3billboards
https://t.co/GIwbHVLxY‚Ä¶",0.836,0.378,0.0,0.622,01/08/2018 04:19:05,".@dbongino: ""Let me show you in about a minute or less what a hoax this whole thing is, this Russian collusion nons‚Ä¶ https://t.co/FNoe5I5ojE",-0.2075,0.0,0.083,0.917,01/08/2018 03:20:01,"At the Golden Globes, Stars and Their Activist Guests Talk About Why They Fight. https://t.co/XRDyoGYbQd",-0.3818,0.0,0.157,0.843
8,01/08/2018 02:11:16,"RT @BBCBreaking: James Franco wins 'Best Actor in a Comedy/Musical Motion Picture'

#GoldenGlobes https://t.co/9ws5IWhSCr https://t.co/bwSj‚Ä¶",0.836,0.397,0.0,0.603,01/08/2018 03:48:01,"""I want all the girls watching to know: A new day is on the horizon."" Oprah's gives stirring Golden Globes speech w‚Ä¶ https://t.co/glv2ZA2aVJ",0.0772,0.058,0.0,0.942,01/08/2018 04:02:33,"RT @CNNent: Frances McDormand wins Best Performance by an Actress in a Motion Picture - Drama for @3billboards #GoldenGlobes
https://t.co/Q‚Ä¶",0.836,0.331,0.0,0.669,01/08/2018 04:03:45,Scientologist Elisabeth Moss slammed for 'hypocritical' Golden Globes speech https://t.co/2EePtKzBOq,0.0,0.0,0.0,1.0,01/08/2018 03:19:01,Sterling K. Brown: ‚ÄòI Am Being Seen for Who I Am‚Äô. https://t.co/QczCIwvaRZ,0.0,0.0,0.0,1.0
9,01/08/2018 00:49:43,Police complaints process overhaul begins on Monday https://t.co/UuarW6nuYq,-0.4019,0.0,0.278,0.722,01/08/2018 03:47:54,"RT @CBSThisMorning: .@LadyBirdMovie wins Best Motion Picture, Musical or Comedy. #GoldenGlobes https://t.co/yLDsgCiRjk",0.886,0.536,0.0,0.464,01/08/2018 04:00:21,Trump's first-year jobs record was strong. Just not as strong as Obama's last year. https://t.co/2G2xhYQzFl https://t.co/GIHktn0wkg,0.765,0.32,0.0,0.68,01/08/2018 04:00:03,Bannon expresses 'regret' for comments attributed to him in 'Fire and Fury' https://t.co/MIZB00ocAI https://t.co/hGbyREuSOD,-0.7269,0.0,0.337,0.663,01/08/2018 02:54:01,Why Everyone is Wearing Black at the Golden Globes. https://t.co/3Ni5VHnBRY,0.0,0.0,0.0,1.0
10,01/08/2018 00:36:58,"RT @BBCWorld: A blackout on the Red Carpet for the 75th #GoldenGlobes:
Celebrities are dressed from head to toe in black to in support of t‚Ä¶",0.4019,0.101,0.0,0.899,01/08/2018 03:43:53,"RT @CBSThisMorning: In case you missed @Oprah‚Äôs #GoldenGlobes speech: ‚ÄúA new day is on the horizon.‚Äù 

(Courtesy @GoldenGlobes) https://t.c‚Ä¶",-0.296,0.0,0.109,0.891,01/08/2018 03:59:20,"A night of firsts at the #GoldenGlobes ...

‚Ä¢ Sterling K. Brown: first black actor to win for leading performance i‚Ä¶ https://t.co/VYDOrS9sz1",0.5859,0.167,0.0,0.833,01/08/2018 04:00:01,"RIGHT NOW: @WilliamJBennett hosts ""The Wise Guys,"" a powerful discussion on America's future - Tune in at 8p &amp; 11p‚Ä¶ https://t.co/kgPH4m1yQ9",0.7096,0.258,0.0,0.742,01/08/2018 02:52:01,"Op-Ed Columnist: ‚ÄòLike, Really Smart‚Äô. https://t.co/4HjAqTO4bb",0.0,0.0,0.0,1.0
11,01/08/2018 00:34:33,Cabinet reshuffle: Theresa May set to refresh top team https://t.co/zC74ZiVze8,0.2023,0.167,0.0,0.833,01/08/2018 03:39:26,"RT @CBSThisMorning: #GoldenGlobes winner: Saoirse Ronan wins Best Performance by an Actress in a Motion Picture, Musical or Comedy for her‚Ä¶",0.9349,0.47,0.0,0.53,01/08/2018 03:56:23,"RT @CNNent: Gary Oldman wins Best Performance by an Actor in a Motion Picture - Drama for @DarkestHour #GoldenGlobes
https://t.co/BBqlVyg5u‚Ä¶",0.836,0.331,0.0,0.669,01/08/2018 03:53:00,"Chris Christie thinks he'd be president if Trump hadn't run, report says https://t.co/5TS5m3lw0B",0.0,0.0,0.0,1.0,01/08/2018 02:50:01,"On Pro Football: In Win Over Panthers, Saints Turn Back to Drew Brees to Lead. https://t.co/hGvpo3tOU0",0.5859,0.202,0.0,0.798
12,01/08/2018 00:16:18,Rail strikes: Train workers at five firms walkout in safety row https://t.co/dv2LBPT2KV,-0.25,0.169,0.289,0.542,01/08/2018 03:38:58,"""Big Little Lies"" wins best limited series at #goldenglobes -- ""I want to thank everyone who spoke up about abuse o‚Ä¶ https://t.co/sFS3xgu9rB",0.3718,0.321,0.248,0.431,01/08/2018 03:53:12,"RT @CNNent: Saoirse Ronan wins Best Performance by an Actress in a Motion Picture - Musical or Comedy for @LadyBirdMovie #GoldenGlobes
http‚Ä¶",0.886,0.38,0.0,0.62,01/08/2018 03:52:16,"Earlier, @PressSec tweeted about the criticism President @realDonaldTrump receives from @TheDemocrats. https://t.co/vgaIo6Mnvz",-0.4404,0.0,0.209,0.791,01/08/2018 02:49:01,E! Network Fumbles Over #WhyWeWearBlack. https://t.co/unokXWEoGY,0.0,0.0,0.0,1.0
13,01/08/2018 00:03:18,"Heart attack care dangerously unequal for women, study finds https://t.co/cqPy5aKGDf",-0.6486,0.181,0.48,0.339,01/08/2018 03:35:37,"Guillermo del Toro wins best director for ""The Shape of Water."" As the music played he said, ""Lower the music. It's‚Ä¶ https://t.co/xqnJ6rLg5W",0.8442,0.338,0.072,0.59,01/08/2018 03:47:25,"RT @CNNent: .@LadyBirdMovie wins Best Motion Picture - Musical or Comedy. #GoldenGlobes
https://t.co/osMplZhOST https://t.co/ZGKi90V5vu",0.886,0.51,0.0,0.49,01/08/2018 03:46:07,".@RepMarkMeadows on new Clinton probe: ""If the attorney general is willing to be transparent, we'll applaud him...‚Ä¶ https://t.co/u5rdqB0mvG",0.4588,0.15,0.0,0.85,01/08/2018 02:48:01,Seth Meyers‚Äôs Golden Globes Monologue: Transcript. https://t.co/VqNd37vC7M,0.0,0.0,0.0,1.0
14,01/07/2018 22:54:13,Grenfell fire: KPMG quits inquiry amid conflict of interest furore https://t.co/Zvd4TfMwCa,-0.1779,0.191,0.299,0.51,01/08/2018 03:26:07,"""I want all the girls watching to know: A new day is on the horizon. When that new day finally dawns, it will be be‚Ä¶ https://t.co/UC0U1irTEU",0.0772,0.051,0.0,0.949,01/08/2018 03:45:10,RT @CNNent: The #GoldenGlobes continue to make history. Aziz Ansari is the first Asian male actor to win best leading performance in a TV m‚Ä¶,0.8402,0.267,0.0,0.733,01/08/2018 03:21:03,".@CLewandowski_: ""North Korea has to understand, there are consequences and the @UN has to act in a capacity that s‚Ä¶ https://t.co/kaHeerTK82",0.0,0.0,0.0,1.0,01/08/2018 02:34:01,"As Trump Appeals to Farmers, Some of His Policies Don‚Äôt. https://t.co/vlNp4iL8P2",0.0,0.0,0.0,1.0
15,01/07/2018 19:34:12,BBC China editor Carrie Gracie quits in gender pay row https://t.co/B4cwCrlkHO,-0.1027,0.0,0.123,0.877,01/08/2018 03:21:00,"@CBSNews ""I want all the girls watching to know: A new day is on the horizon,"" @Oprah says, addressing #MeToo movement at #goldenglobes",0.0772,0.058,0.0,0.942,01/08/2018 03:39:03,"RT @CNNent: ""A new day is on the horizon."" Oprah Winfrey accepts her Cecil B. DeMille Award with a message to the young girls watching. htt‚Ä¶",0.7003,0.201,0.0,0.799,01/08/2018 03:09:00,"New York's JFK Airport hit with massive delays, angry passengers after 'bomb cyclone' https://t.co/sNGrkna9ef",-0.7579,0.0,0.351,0.649,01/08/2018 02:20:01,"On Pro Football: In Win Over Panthers, Saints Turn Back to Drew Brees to Lead. https://t.co/hGvpo3tOU0",0.5859,0.202,0.0,0.798
16,01/07/2018 17:56:33,"RT @5liveSport: FT: #NFFC 4-2 #Arsenal 

""The #FACup holders go out in the third round!"" - Conor McNamara

""Nottingham Forest were incredib‚Ä¶",0.0,0.0,0.0,1.0,01/08/2018 03:13:40,"""There are some little girls watching as I become the first black woman to receive the same award,"" @Oprah says whi‚Ä¶ https://t.co/RjnxrOMgnp",0.0,0.0,0.0,1.0,01/08/2018 03:37:23,"""There's only one person whose name is a verb, an adjective, and a feeling. And that is Oprah.""

Reese Witherspoon‚Ä¶ https://t.co/aUlPB4jIit",0.128,0.077,0.0,0.923,01/08/2018 03:02:19,Fraternity brothers to be sentenced after allegedly covering up pledge hazing death https://t.co/F79revYE95,-0.6124,0.0,0.312,0.688,01/08/2018 02:19:01,"On Pro Football: After a Slogging Win, Jaguars Cling to Lone Bright Spot: Defense. https://t.co/n5KLLTpkAR",0.7269,0.404,0.103,0.493
17,01/07/2018 17:47:06,"RT @5liveSport: GOAL!

#NFFC 4-2 #Arsenal 

Penalty to #NFFC... Dowell puts it past Ospina!

Drama as the officials check the penalty but i‚Ä¶",-0.555,0.0,0.179,0.821,01/08/2018 03:01:58,"""All the websites said I was going to lose..."" Aziz Ansari says as he wins best actor in TV comedy for‚Ä¶ https://t.co/XsRFGozZFy",0.886,0.366,0.0,0.634,01/08/2018 03:33:04,"RT @CNNent: ""Here are the ALL-MALE nominees."" Natalie Portman presents the names for best director of a motion picture. #GoldenGlobes https‚Ä¶",0.6369,0.181,0.0,0.819,01/08/2018 02:46:07,Blanca Blanco ignores all-black dress code at #GoldenGlobes https://t.co/I2kaS2Sv8K,-0.2732,0.0,0.208,0.792,01/08/2018 02:04:01,How Hot Was It in Australia? Hot Enough to Melt Asphalt. https://t.co/cuopzpzPmq,0.0,0.0,0.0,1.0
18,01/07/2018 16:26:02,Alexandra Burke engaged: Strictly star confirms 'I said yes' https://t.co/ozhHcbLLMW,0.6597,0.403,0.0,0.597,01/08/2018 03:01:26,"SPOLER ALERT: CBSN spoke with cast members and the executive producer of ""Star Trek Discovery"" and discussed the ki‚Ä¶ https://t.co/RR4Af2awNc",0.4466,0.134,0.0,0.866,01/08/2018 03:30:18,North Korea has accepted South Korea's proposal for official talks. The person-to-person talks will be held on Janu‚Ä¶ https://t.co/albDIuSESC,0.2732,0.104,0.0,0.896,01/08/2018 02:38:17,#GoldenGlobes kick off 2018 award season: What to know about the show https://t.co/Dvp9gSj7bs,0.5423,0.226,0.0,0.774,01/08/2018 02:03:01,BBC News Editor Quits Her Post to Protest Gender Pay Gap. https://t.co/KYMzNRMPBP,-0.34,0.0,0.254,0.746
19,01/07/2018 16:16:46,RT @BBCPolitics: May defends record ahead of reshuffle https://t.co/216Ujuxy88,0.0,0.0,0.0,1.0,01/08/2018 02:50:00,RT @CBSThisMorning: Best TV Movie/Limited Series Actor: Ewan McGregor in @FargoFX. #GoldenGlobes https://t.co/ujbBVj1CtI,0.6369,0.259,0.0,0.741,01/08/2018 03:30:11,"RT @CNNent: .@Big_Little_Lies wins Best Limited Series or TV Movie. #GoldenGlobes
https://t.co/hEOWDlTJPh https://t.co/dn7mjoReHH",0.7906,0.399,0.096,0.505,01/08/2018 02:36:40,"Henry Olsen on DACA: ""People low skilled throughout the developed world are hit by a double whammy of competition.‚Ä¶ https://t.co/Nn2M2r7zAS",-0.2732,0.0,0.104,0.896,01/08/2018 01:52:01,Editorial: Jeff Sessions‚Äôs Endless War on Marijuana. https://t.co/G8IcRa29Hd,-0.5994,0.0,0.358,0.642
20,01/07/2018 16:03:23,May defends record ahead of reshuffle https://t.co/GotfXs2UYR,0.0,0.0,0.0,1.0,01/08/2018 02:46:00,"RT @CBSThisMorning: Best Foreign Language Film goes to @InTheFadeFilm, (Germany/France). #GoldenGlobes",0.6369,0.296,0.0,0.704,01/08/2018 03:27:22,RT @CNNent: Oprah Winfrey electrifies the #GoldenGlobes while accepting a lifetime achievement award. https://t.co/bz86uJApg0 https://t.co/‚Ä¶,0.7269,0.337,0.0,0.663,01/08/2018 02:29:00,".@Tim_Canova on DACA: ""We have to have a conversation in this country [of] what it means to be an American and how‚Ä¶ https://t.co/9vRiBbF7FN",0.0,0.0,0.0,1.0,01/08/2018 01:51:01,Editorial: New York Leaders Are Failing Its Subway Riders. https://t.co/WOJE8Ia6jU,-0.5106,0.0,0.268,0.732
21,01/07/2018 15:00:41,Carillion scrambles to stay afloat https://t.co/cKKmGSfvMN,0.0,0.0,0.0,1.0,01/08/2018 02:44:26,Debra Messing calls out E! for not paying Catt Sadler equally at Golden Globes https://t.co/ToAJTOIZI7 https://t.co/B5WDwHcxSv,0.0,0.0,0.0,1.0,01/08/2018 03:23:28,RT @CNNent: True story. Reese Witherspoon introduces Oprah Winfrey for the Cecil B. DeMille lifetime achievement award at the #GoldenGlobes‚Ä¶,0.743,0.259,0.0,0.741,01/08/2018 02:24:26,".@TomiLahren on ""Fire and Fury"": ""It's very sad to me that there are individuals, whether they were in the administ‚Ä¶ https://t.co/RTAmgLYxEB",-0.6997,0.0,0.234,0.766,01/08/2018 01:50:01,Op-Ed Columnist: How to Get New York Moving Again. https://t.co/0Yq5HnVjT8,0.0,0.0,0.0,1.0
22,01/07/2018 13:59:35,"RT @5liveSport: FT: #NCAFC 2-1 #LUFC

""The Newport fans have streamed out onto the pitch... a fabulous performance from #NCAFC!"" - Alistair‚Ä¶",0.5707,0.163,0.0,0.837,01/08/2018 02:40:51,RT @CBSThisMorning: Congrats @AllisonBJanney. Best Performance by an Actress in a Supporting Role in Any Motion Picture in @ITonyaMovie. #G‚Ä¶,0.8885,0.396,0.0,0.604,01/08/2018 03:21:36,"RT @CNNent: Guillermo del Toro wins Best Director - Motion Picture for @shapeofwater #GoldenGlobes @RealGDT
https://t.co/FiVRxe2sgc https:/‚Ä¶",0.836,0.361,0.0,0.639,01/08/2018 02:22:06,"Henry Olsen on ""Fire and Fury"": ""I think that's the biggest story that's coming out of this is that the President i‚Ä¶ https://t.co/rnqReXa9UT",-0.34,0.0,0.098,0.902,01/08/2018 01:49:02,"Op-Ed Contributor: On Stop-and-Frisk, We Can‚Äôt Celebrate Just Yet. https://t.co/a9Oxm77aGZ",0.5719,0.291,0.0,0.709
23,01/07/2018 12:27:12,Toby Young row: PM 'not impressed' by comments https://t.co/GOR2OvKFnW,-0.3724,0.0,0.242,0.758,01/08/2018 02:30:39,‚ÄúCoco‚Äù wins best motion picture for animated film. https://t.co/zmgVnOtQ0a https://t.co/el9zyl0J5X,0.836,0.497,0.0,0.503,01/08/2018 03:13:23,Aziz Ansari wins Best Performance by an Actor in a Television Series - Musical or Comedy for Master of None‚Ä¶ https://t.co/B2OQAt6060,0.886,0.394,0.0,0.606,01/08/2018 02:19:00,"Iran banning English classes in primary schools citing 'cultural invasion' fears, official says https://t.co/bWJkFG5nNM",-0.4215,0.0,0.177,0.823,01/08/2018 01:48:01,Why Everyone is Wearing Black at the Golden Globes. https://t.co/3Ni5VHFcJw,0.0,0.0,0.0,1.0
24,01/07/2018 12:23:57,Liverpool Lime Street closed for emergency repairs https://t.co/vlesozk9qH,-0.3818,0.0,0.271,0.729,01/08/2018 02:21:28,"""Many of us were taught not to tattle... may we teach our children speaking out without the fear without retributio‚Ä¶ https://t.co/TZARbgFEvq",0.3875,0.116,0.0,0.884,01/08/2018 03:04:46,RT @CNNent: The Marvelous Mrs. Maisel wins Best Television Series - Musical or Comedy. #GoldenGlobes @MaiselTV https://t.co/HhzYKeNKuG http‚Ä¶,0.936,0.524,0.0,0.476,01/08/2018 02:12:31,".@Tim_Canova on ""Fire and Fury"":  ""I'd rather talk about the issues than the personality of the president.""‚Ä¶ https://t.co/YcjJ1rEajH",-0.34,0.0,0.124,0.876,01/08/2018 01:33:01,Golden Globe Award Winners 2018: The Complete List. https://t.co/l1MtxZ7Ozc,0.765,0.485,0.0,0.515
25,01/07/2018 12:15:49,RT @BBCPolitics: Theresa May: Trump will come to the UK https://t.co/YihFFbT9Zj,0.0,0.0,0.0,1.0,01/08/2018 02:15:28,"See all the stars on the 75th #GoldenGlobes red carpet in Beverly Hills, California https://t.co/tRSC1z7yD1",0.0,0.0,0.0,1.0,01/08/2018 03:04:35,"RT @CNNent: .@AzizAnsari wins Best Performance by an Actor in a Television Series - Musical or Comedy for @MasterofNone #GoldenGlobes
https‚Ä¶",0.886,0.394,0.0,0.606,01/08/2018 02:11:00,US Navy plane joins hunt for 32 sailors after Iranian tanker collides with freighter off China https://t.co/aUnI8suUSq,-0.2732,0.0,0.116,0.884,01/08/2018 01:18:01,Debra Messing Chastises E! About Gender Pay Inequity on Live TV. https://t.co/qwKug08SGT,-0.5255,0.0,0.305,0.695
26,01/07/2018 11:54:55,"RT @davidshukmanbbc: Plans for a new Northern Forest: green ribbon of woodland or sparsely threaded doily, asks @RHarrabin  https://t.co/UR‚Ä¶",0.0,0.0,0.0,1.0,01/08/2018 02:13:16,"James Franco wins best actor in a movie, musical or comedy for ‚ÄúThe Disaster Artist.‚Äù He brings out ""The Room"" dire‚Ä¶ https://t.co/ydaY2DOFoC",0.743,0.33,0.13,0.54,01/08/2018 03:01:17,This Juilliard musician spends weekend afternoons playing the New York subway. Here's why. https://t.co/DlnOXRTvBN https://t.co/BUGECW7PCr,0.2023,0.114,0.0,0.886,01/08/2018 02:04:00,"EXCLUSIVE: UNICEF using biased information to blacklist Israel military, critics say https://t.co/fWUeiaxR2n",-0.2656,0.144,0.277,0.579,01/08/2018 01:05:01,"In New York, Drawing Flood Maps Is a ‚ÄòGame of Inches‚Äô. https://t.co/tB3Wo4jbHP",0.0,0.0,0.0,1.0
27,01/07/2018 10:47:28,Former Guardian editor Preston dies at 79 https://t.co/uGrJPvhKNz,0.0,0.0,0.0,1.0,01/08/2018 02:05:33,Hollywood Foreign Press Association president Meher Tatna announced two new HFPA grants for $1 million each to the‚Ä¶ https://t.co/zuLvFhSQZK,0.2263,0.095,0.0,0.905,01/08/2018 02:51:53,RT @CNNent: Ewan McGregor wins Best Performance by an Actor in a Limited Series or TV Movie for @FargoFX #GoldenGlobes  https://t.co/hZDocj‚Ä¶,0.7906,0.295,0.071,0.634,01/08/2018 01:57:00,"Golden Globes host Seth Meyers mocks Harvey Weinstein, Kevin Spacey https://t.co/GYxuusbYQ1",-0.4588,0.0,0.231,0.769,01/08/2018 01:04:02,How to Get New York Moving Again. https://t.co/woth1XFRCl,0.0,0.0,0.0,1.0
28,01/07/2018 10:33:27,Aspall cider sold to US beer giant https://t.co/NAHvUBaSVX,0.0,0.0,0.0,1.0,01/08/2018 02:03:47,"RT @CBSThisMorning: #GoldenGlobes winner for Best Original Song, Motion Picture is @benjpasek and @heyitsjustin for ""This is Me"" in @Greate‚Ä¶",0.8834,0.377,0.0,0.623,01/08/2018 02:46:55,RT @CNNent: .@InTheFadeFilm wins Best Motion Picture - Foreign Language. #GoldenGlobes https://t.co/VQGy43zJR5 https://t.co/2XLEEc8E3V,0.836,0.441,0.0,0.559,01/08/2018 01:52:26,".@AlanDersh: ""Separation of church and state can't ever be absolute. The church and the synagogue are part of socie‚Ä¶ https://t.co/BB6b92FldF",0.0,0.0,0.0,1.0,01/08/2018 01:03:01,2018 Golden Globe Awards Red Carpet Pictures. https://t.co/DLZTcC5wjR,0.4588,0.3,0.0,0.7
29,01/07/2018 10:16:33,"Worboys: Parole Board to be reviewed, says Theresa May https://t.co/Qx0EoibWMl",0.0,0.0,0.0,1.0,01/08/2018 02:01:55,"RT @CBSThisMorning: #GoldenGlobes winner for Best Original Score, Motion Picture: Alexandre Desplat in @shapeofwater.",0.8834,0.484,0.0,0.516,01/08/2018 02:46:39,The red carpet has an unexpected history going far beyond hosting the #GoldenGlobes . Here's why‚Ä¶ https://t.co/XqFlWba2lK,0.0,0.0,0.0,1.0,01/08/2018 01:47:43,".@OliverNorthFNC: ""The sequester that was imposed on our military for the last five years of the Obama administrati‚Ä¶ https://t.co/jX4WlKRGPn",-0.0772,0.0,0.067,0.933,01/08/2018 01:02:01,Bannon Needs Breitbart. Does Breitbart Need Bannon?. https://t.co/D4z6vDRwZi,0.0,0.0,0.0,1.0
30,01/07/2018 10:04:07,"""Not at all impressed"" - Theresa May gives her reaction to controversial tweets by Toby Young #Marr‚Ä¶ https://t.co/lmslhOWWz2",0.3182,0.156,0.09,0.754,01/08/2018 01:57:29,Alexander Skarsgard wins best supporting actor in a limited series or TV movie for ‚ÄúBig Little Lies.‚Äù #GoldenGlobes‚Ä¶ https://t.co/VLAF5GB9vr,0.872,0.404,0.071,0.524,01/08/2018 02:38:46,"Did your favorite win at the #GoldenGlobes? 

‚Ä¢ The winners list: https://t.co/SJPglAR8IZ
‚Ä¢ Live updates:‚Ä¶ https://t.co/6H0yUlQxN0",0.872,0.474,0.0,0.526,01/08/2018 01:43:02,"Yesterday, @SenSanders commented on President @realDonaldTrump's administration asking Congress for $18 billion to‚Ä¶ https://t.co/JSSCIQIZOg",0.0,0.0,0.0,1.0,01/08/2018 00:47:01,"Ad Warns Riders About Uber and Lyft, but Some Call It Alarmist. https://t.co/LM3za8r5Hn",-0.0516,0.0,0.091,0.909
31,01/07/2018 10:02:42,Catholic diocese suspends 'sign of peace' due to flu https://t.co/gCuKGEPOEW,0.2263,0.248,0.184,0.567,01/08/2018 01:50:30,".@SterlingKBrown wins for his role in ""This is Us,"" Best Performance by an Actor in a Television Series - Drama‚Ä¶ https://t.co/fJEbxRc73J",0.836,0.317,0.0,0.683,01/08/2018 02:38:13,RT @CNNent: Martin McDonagh wins Best Screenplay - Motion Picture for @3Billboards #GoldenGlobes https://t.co/mXhPdGTXS8 https://t.co/joIYP‚Ä¶,0.836,0.397,0.0,0.603,01/08/2018 01:40:00,Moody Blues rocker Ray Thomas dies before Hall of Fame induction ceremony https://t.co/jAujADJTkH,0.1027,0.177,0.152,0.671,01/08/2018 00:45:01,We Asked Golden Globe Nominees About Sexism. Here‚Äôs What They Said.. https://t.co/vct3OVs6FU,0.0,0.0,0.0,1.0
32,01/07/2018 09:55:53,"RT @MarrShow: ""What I make of him is somebody who is taking decisions on what he believes is in the best interests of the United States"" PM‚Ä¶",0.8402,0.281,0.0,0.719,01/08/2018 01:50:08,RT @CBSThisMorning: .@HandmaidsOnHulu wins at #GoldenGlobes for Best TV Drama Series. https://t.co/AfHCRl0e2J,0.836,0.441,0.0,0.559,01/08/2018 02:31:27,"RT @CNNent: .@AllisonBJanney wins Best Performance by an Actress in a Supporting Role in a Motion Picture for @ITonyaMovie #GoldenGlobes
ht‚Ä¶",0.8957,0.403,0.0,0.597,01/08/2018 01:36:45,"Steve Wynn: ""The only constituency that a successful businessperson has is the jobs he's created, the people that w‚Ä¶ https://t.co/t8omlAbmxR",0.7003,0.254,0.0,0.746,01/08/2018 00:44:01,"On Live TV, Debra Messing Chastises E! About Gender Pay Inequity. https://t.co/qwKug08SGT",-0.5255,0.0,0.305,0.695
33,01/07/2018 09:55:05,"PM Theresa May lays out plans for new Northern Forest, stretching from Liverpool to Hull #Marr‚Ä¶ https://t.co/GwhP6e3ReI",0.0,0.0,0.0,1.0,01/08/2018 01:43:30,See who the winners are: Hollywood stars gathered at the 75th Annual #GoldenGlobe Awards in Beverly Hills to celebr‚Ä¶ https://t.co/rCPKcutm7Q,0.7269,0.253,0.0,0.747,01/08/2018 02:30:19,"World's longest glass bridge opens in Hebei, China https://t.co/909lraeHtn (via @CNNTravel) https://t.co/DL1QPStunA",0.0,0.0,0.0,1.0,01/08/2018 01:32:42,".@AlanDersh: ""The perception of the disparity of wealth has become greater than ever before because of the media."" https://t.co/593PIZ6hdd",0.6908,0.251,0.0,0.749,01/08/2018 00:34:01,"In New York, Drawing Flood Maps Is a ‚ÄòGame of Inches‚Äô. https://t.co/9TFCwfQPt0",0.0,0.0,0.0,1.0
34,01/07/2018 09:47:48,"""This is about life and death"" - @andrewmarr9 challenges Prime Minister Theresa May on winter pressure facing NHS‚Ä¶ https://t.co/7d0Q4pbDO1",-0.7003,0.058,0.272,0.67,01/08/2018 01:42:09,"""We no longer live in the blank white spaces or at the edge of the print. We are the stories and we are writing the‚Ä¶ https://t.co/lWNsaqce0p",-0.296,0.0,0.081,0.919,01/08/2018 02:26:46,RT @CNNent: #PixarCoco wins Best Motion Picture - Animated. #GoldenGlobes https://t.co/0zPEfgLAnB https://t.co/BmuIhwcX9G,0.836,0.467,0.0,0.533,01/08/2018 01:29:00,Connie Britton wears 'poverty is sexist' sweater at the Golden Globes https://t.co/aFAOdxTxIo,-0.5106,0.0,0.231,0.769,01/08/2018 00:20:01,Egypt‚Äôs Presidential Race Loses Popular Candidate. https://t.co/13mhQW54bD,0.128,0.277,0.228,0.495
35,01/07/2018 09:38:04,"""I know somebody who was one of his victims and who was not contacted... I recognise why people are so concerned ab‚Ä¶ https://t.co/uiWXseS8NW",-0.3182,0.0,0.099,0.901,01/08/2018 01:32:53,"RT @CBSThisMorning: #GoldenGlobes winner for Best Performance by an Actress in a Television Series: Rachel Brosnahan in ""The Marvelous Mrs.‚Ä¶",0.9169,0.427,0.0,0.573,01/08/2018 02:25:52,Sterling K. Brown makes #GoldenGlobes history as the first black actor to win for his leading performance in a TV d‚Ä¶ https://t.co/QI1CunVlvl,0.5859,0.16,0.0,0.84,01/08/2018 01:23:16,Town encourages children to smoke during Epiphany https://t.co/SKHKCxSgAl,0.4404,0.293,0.0,0.707,01/08/2018 00:19:00,Funerals Begin for Victims of Bronx Fire That Killed 13. https://t.co/HoF41yOs2I,-0.8957,0.0,0.628,0.372
36,01/07/2018 09:30:02,"Labour's @jonashworth says government should have done more to tackle ""entirely predictable and entirely preventabl‚Ä¶ https://t.co/pdsBkMTnvU",0.0,0.0,0.0,1.0,01/08/2018 01:28:28,"Sam Rockwell wins the award for best supporting actor, motion picture for his performance in ""Three Billboards Outs‚Ä¶ https://t.co/2uw07Da5lI",0.936,0.488,0.0,0.512,01/08/2018 02:20:30,"RT @CNNent: .@LauraDern wins Best Performance by an Actress in a Supporting Role in a Series, Limited Series or TV Movie for @Big_Little_Li‚Ä¶",0.872,0.364,0.064,0.572,01/08/2018 01:16:44,".@AriFleischer: ""There are [a lot] of blue collar workers who thought Washington wasn't listening to their voice, a‚Ä¶ https://t.co/gOVlTTfZaK",0.0,0.0,0.0,1.0,01/08/2018 00:18:00,Metropolitan Diary: Genius of Shoes. https://t.co/39zfzaZXTR,0.0,0.0,0.0,1.0
37,01/07/2018 09:23:56,RT @BBCNewsbeat: Some of the UK's largest retailers have agreed to voluntarily stop sales of acid to customers under 18 years old following‚Ä¶,-0.0258,0.083,0.087,0.83,01/08/2018 01:27:02,RT @CBSThisMorning: #GoldenGlobes winner for Best Film Supporting Actor: Sam Rockwell,0.8979,0.577,0.0,0.423,01/08/2018 02:19:48,RT @CNNent: Sterling K. Brown makes #GoldenGlobes history as the first black actor to win for his leading performance in a TV drama. https:‚Ä¶,0.5859,0.147,0.0,0.853,01/08/2018 01:00:01,"RIGHT NOW: @WilliamJBennett hosts ""The Wise Guys,"" a powerful discussion on America's future - Tune in at 8p &amp; 11p‚Ä¶ https://t.co/9kGQEmiGVt",0.7096,0.258,0.0,0.742,01/08/2018 00:02:01,"India Clings to Cash, Even as Tech Firms Push Digital Money. https://t.co/vcrAesmT9Q",0.0,0.0,0.0,1.0
38,01/07/2018 09:23:46,Royal Wedding: Late pub opening hours for Harry and Meghan https://t.co/7w6kcOjyxl,0.0,0.0,0.0,1.0,01/08/2018 01:24:29,"""This is ours to share, wow. The power of women,"" Nicole Kidman said after winning Best Actress in Limited Series o‚Ä¶ https://t.co/O9YknpDpKZ",0.9136,0.418,0.058,0.523,01/08/2018 02:16:26,"Oprah Winfrey may have squashed speculation of a potential presidential bid in 2020, but #GoldenGlobes host Seth Me‚Ä¶ https://t.co/OXio4qeCQE",0.0,0.0,0.0,1.0,01/08/2018 00:58:38,".@WalidPhares: ""We're not gonna stop the sanctions at a time where the Iranian regime is becoming and showing a lot‚Ä¶ https://t.co/qH74DgMD2b",0.2235,0.095,0.0,0.905,01/07/2018 23:59:00,Time‚Äôs Up Pins Are the Political Accessory at the Golden Globes. https://t.co/5e89iAczMk,0.0,0.0,0.0,1.0
39,01/07/2018 08:47:52,RT @BBCSport: Antonio Conte didn't hold back in his response to Jose Mourinho... https://t.co/w6zdi7Dl4Y,0.0,0.0,0.0,1.0,01/08/2018 01:17:33,Some viewers are criticizing Justin Timberlake on social media for wearing black and a #TimesUp pin to the‚Ä¶ https://t.co/QC7JUWx6Ue,-0.3612,0.0,0.128,0.872,01/08/2018 02:10:59,"RT @CNNent: James Franco wins Best Performance by an Actor in a Motion Picture - Musical or Comedy for @DisasterArtist #GoldenGlobes
https:‚Ä¶",0.886,0.38,0.0,0.62,01/08/2018 00:45:00,.@newtgingrich: @realDonaldTrump is right -- we need welfare reform https://t.co/EdDvPivrID,0.0,0.0,0.0,1.0,01/07/2018 23:33:00,Golden Globes Red Carpet Arrivals: See All the Action. https://t.co/DLZTcC5wjR,0.0,0.0,0.0,1.0
40,01/07/2018 08:40:40,Prime Minister Theresa May has dropped plans to hold a vote on the fox-hunting ban during this parliament #Marr‚Ä¶ https://t.co/U2fCh9U0ca,-0.5574,0.0,0.167,0.833,01/08/2018 01:13:25,"""Today is the #GoldenGlobes in Los Angeles and a lot of the women with #TimesUp are standing up for equality, to be‚Ä¶ https://t.co/nuhdeq7DL4",0.0,0.0,0.0,1.0,01/08/2018 02:05:51,Hollywood didn't just show up at the #GoldenGlobes intent on making a statement about women -- it also honored them. https://t.co/Xxb15ekJoc,0.5859,0.167,0.0,0.833,01/08/2018 00:43:00,Debra Messing slams E! over wage equality during live Golden Globes red carpet interview https://t.co/GoGMcfGhBz,0.0,0.0,0.0,1.0,01/07/2018 23:18:00,"Ray Thomas, Founding Member of the Moody Blues, Dies at 76. https://t.co/jT4HnGlhOr",-0.3612,0.0,0.185,0.815
41,01/07/2018 08:28:05,"RT @BBCSport: üëè

This is one class gesture from Liverpool to fans who have bought Coutinho shirts.

üëâ https://t.co/sUrln5pZoW https://t.co/‚Ä¶",0.0,0.0,0.0,1.0,01/08/2018 01:10:58,.@sethmeyers kicks off the #GoldenGlobes discussing the #MeToo movement. Follow for more live updates‚Ä¶ https://t.co/mycg0mJSXv,0.0,0.0,0.0,1.0,01/08/2018 02:03:28,"RT @CNNent: ""This Is Me"" wins Best Original Song - Motion Picture for @GreatestShowman #GoldenGlobes
https://t.co/PRHEeV5dRV https://t.co/f‚Ä¶",0.8807,0.44,0.0,0.56,01/08/2018 00:33:00,"De Blasio to travel 'all around' America, denies it's a dry run for WH campaign https://t.co/WkCqvFToHu",-0.4215,0.0,0.167,0.833,01/07/2018 23:03:00,City‚Äôs New Public Hospitals Chief Will Focus on Primary Care. https://t.co/dT3Cx88lUe,0.4939,0.242,0.0,0.758
42,01/07/2018 08:22:05,"RT @BBCSport: England are facing another defeat in the final #Ashes Test.

Here's the report from a day once again dominated by Australia:‚Ä¶",-0.4588,0.0,0.125,0.875,01/08/2018 01:04:57,"WATCH NOW: SpaceX attempts launch of Zuma spacecraft in Cape Canaveral, Florida. https://t.co/htkPpJLbdG https://t.co/h5kWEGKX9B",0.0,0.0,0.0,1.0,01/08/2018 02:00:19,"Sorry, cat lovers, there's scientific proof that dogs are smarter https://t.co/9ADu2XYnwu https://t.co/N2MtNJAE9h",0.7269,0.383,0.078,0.539,01/08/2018 00:23:50,".@lindsemcpherson on Dems working with @POTUS: ""Why would they work with him to give him a big win on a legislative‚Ä¶ https://t.co/nHF7R084Ww",0.5859,0.167,0.0,0.833,01/07/2018 22:34:00,Boycott Drive Put Israel on a Blacklist. Now Israel Has One of Its Own.. https://t.co/EaqH7muoXV,-0.3182,0.0,0.15,0.85
43,01/07/2018 08:15:52,RT @BBCPolitics: Theresa May: 'Clear message' from country on fox hunting https://t.co/CwnoBivNEX,0.3818,0.191,0.0,0.809,01/08/2018 01:03:31,"""We want to fix that and we feel sort of emboldened in this particular moment to stand together in a thick black li‚Ä¶ https://t.co/cmbKpJ1ffm",0.0772,0.056,0.0,0.944,01/08/2018 01:59:46,"RT @CNNent: Alexandre Desplat wins Best Original Score - Motion Picture for @shapeofwater #GoldenGlobes
https://t.co/gCHqdBeTTE https://t.c‚Ä¶",0.8807,0.459,0.0,0.541,01/08/2018 00:23:00,E! replaces 'Who are you wearing' with questions about black attire at the 2018 Golden Globes https://t.co/hiEno9DqMs,0.0,0.0,0.0,1.0,01/07/2018 22:32:00,When the Ice Breaks: Frozen Pond Rescues. https://t.co/j4ax06foZZ,0.3182,0.247,0.0,0.753
44,01/07/2018 07:36:06,Collie dog Red found after 10 days lost in snow in Pembrokeshire https://t.co/fIHRy2Tovo,-0.3182,0.0,0.161,0.839,01/08/2018 00:42:01,The 75th Golden Globe Awards kicked off with a political tone even before the show began as actors and actresses wo‚Ä¶ https://t.co/U70LG4tlnM,0.4588,0.13,0.0,0.87,01/08/2018 01:57:54,"RT @CNNent: Alexander Skarsg√•rd wins Best Performance by an Actor in a Supporting Role in a Series, Limited Series or TV Movie for @Big_Lit‚Ä¶",0.872,0.352,0.062,0.586,01/08/2018 00:22:05,".@lindsemcpherson on Dems working with @POTUS: ""Democrats have no real incentive to work with the president when th‚Ä¶ https://t.co/ABrQYNfmvj",0.0772,0.115,0.101,0.783,01/07/2018 22:22:00,"Tatsuro Toyoda, Who Led Toyota‚Äôs Global Expansion, Dies at 88. https://t.co/T95mPrTSa5",0.0,0.0,0.0,1.0
45,01/07/2018 07:36:03,Ashes: England facing 4-0 defeat against Australia https://t.co/VF5OzdQhax,-0.4588,0.0,0.3,0.7,01/08/2018 00:27:29,RT @CBSThisMorning: In case you missed it on @CBSThisMorning this week: New York Times‚Äô @JodiKantor joined us to discuss tonight‚Äôs #TimesUp‚Ä¶,-0.296,0.0,0.099,0.901,01/08/2018 01:56:55,Find out the winners from tonight's #GoldenGlobes as they are announced here: https://t.co/HTybCsUOAw https://t.co/KihLWS28Fg,0.4767,0.193,0.0,0.807,01/08/2018 00:14:32,Former Dem 2016 Candidate: Let 'Obsessed' Trump Build Wall If It Saves DACA https://t.co/1vzt1dhJzy,0.0,0.0,0.0,1.0,01/07/2018 22:20:00,Letters: The Immigrants Who Deliver Health Care. https://t.co/QCNiBQXRoe,0.4939,0.314,0.0,0.686
46,01/07/2018 06:06:15,May drops plans for fox-hunting vote https://t.co/tjB7Lbo91a,0.0,0.0,0.0,1.0,01/08/2018 00:23:32,"""There's nothing illegal that we did...nothing murky."" RT's editor-in-chief Margarita Simonyan on election meddling‚Ä¶ https://t.co/iZRXs4yI5m",0.4449,0.173,0.0,0.827,01/08/2018 01:48:04,"RT @CNNent: #HandmaidsTale wins Best Television Series - Drama. #GoldenGlobes @HandmaidsonHulu
https://t.co/LuhYHym490 https://t.co/2A3tWR9‚Ä¶",0.836,0.441,0.0,0.559,01/08/2018 00:02:31,".@JSchanzer on Iran nuclear deal: ""The Iranians, there's no doubt they got just about everything they possibly coul‚Ä¶ https://t.co/SqWLlKOyfr",-0.5719,0.0,0.217,0.783,01/07/2018 22:19:00,Letters: The Met‚Äôs New Required Fee for Non-New Yorkers. https://t.co/SF5xSxQXVK,0.0,0.0,0.0,1.0
47,01/07/2018 06:06:15,Northern Forest: Plan to plant 'ribbon of woodland' across England https://t.co/UhDYrBW3qc,0.0,0.0,0.0,1.0,01/07/2018 23:43:01,"Meryl Streep, Michelle Williams, and Amy Poehler are among the eight actresses who are planning to bring gender and‚Ä¶ https://t.co/n5PztLckoj",0.0,0.0,0.0,1.0,01/08/2018 01:46:19,RT @CNNent: Sterling K. Brown wins Best Performance by an Actor in a Television Series - Drama for #ThisisUs #GoldenGlobes @SterlingKBrown‚Ä¶,0.836,0.317,0.0,0.683,01/07/2018 23:54:52,"Math teacher accused of multiple sex romps, sending lewd photos to student, sentenced https://t.co/hCwq8lgTdX",-0.3182,0.0,0.216,0.784,01/07/2018 22:18:00,Letter: A Shrimpless State. https://t.co/1tMpGuKWDZ,0.0,0.0,0.0,1.0
48,01/07/2018 01:04:45,Royal photo mum: It's changed our lives https://t.co/WLe1aFXQmt,0.0,0.0,0.0,1.0,01/07/2018 23:20:01,"What if a murder could be predicted? What if police could intervene with a future victim or killer? In Chicago, an‚Ä¶ https://t.co/Tti0diIZVQ",-0.9092,0.0,0.403,0.597,01/08/2018 01:44:16,"RT @CNNent: Corrected: Rachel Brosnahan wins Best Performance by an Actress in a TV comedy series for #MrsMaisel. #GoldenGlobes
https://t.c‚Ä¶",0.886,0.394,0.0,0.606,01/07/2018 23:48:23,Celebrities wear black to the #GoldenGlobes to protest sexual harassment in the entertainment industry.‚Ä¶ https://t.co/fugBDQxsLr,-0.4019,0.138,0.271,0.591,01/07/2018 22:17:00,Letters: Foster Care and Opioids. https://t.co/iYDbHbP4Hu,0.4939,0.39,0.0,0.61
49,01/07/2018 00:21:28,Desert Island Discs: Black Mirror's Charlie Brooker on his 'goofy' persona https://t.co/jLLSZBIaos,0.0,0.0,0.0,1.0,01/07/2018 23:00:32,"""It makes me not want to fly anywhere and definitely not out of JFK."" Travelers patience wore thin at NYC's JFK Int‚Ä¶ https://t.co/irzgie2v1D",0.3565,0.108,0.049,0.843,01/08/2018 01:39:00,A group of A-list actresses brought activists for gender and racial justice to the #GoldenGlobes red carpet https://t.co/klq1SSpFXA,0.5267,0.175,0.0,0.825,01/07/2018 23:37:00,"Feds to seek retrial in Bundy case, as sting of mistrial lingers
 https://t.co/JAoHs6kdF0",0.0,0.0,0.0,1.0,01/07/2018 22:02:00,"The Interpreter: Losing Faith in the State, Some Mexican Towns Quietly Break Away. https://t.co/KouJh5MSAF",0.0516,0.161,0.149,0.69
50,01/07/2018 00:05:53,Acid attacks: Retailers sign up to voluntary ban on acid sales https://t.co/wA5fSPDW8F,-0.7579,0.0,0.394,0.606,01/07/2018 22:41:01,"Obama-era national security experts, Mike Morell and Tom Donilon, offer their insight into where the U.S. stands in‚Ä¶ https://t.co/YsupR2WsqN",0.34,0.118,0.0,0.882,01/08/2018 01:34:19,RT @CNNent: Elisabeth Moss wins Best Performance by an Actress in a Television Series - Drama for #HandmaidsTale #GoldenGlobes https://t.co‚Ä¶,0.836,0.331,0.0,0.669,01/07/2018 23:28:29,".@Jamie_Weinstein on calls for Sessions to resign: ""He is an embattled man and I think he's been an embattled attor‚Ä¶ https://t.co/LDRZyJnJyI",-0.34,0.0,0.112,0.888,01/07/2018 21:48:00,"Can Sweatcoin, a Hot Fitness App, Keep You Off the Couch?. https://t.co/y2Eyj7hKIz",0.2732,0.174,0.0,0.826
51,01/06/2018 22:41:50,May to reshuffle cabinet on Monday https://t.co/40VerfLpPs,0.0,0.0,0.0,1.0,01/07/2018 22:21:01,"Private company to resume search for lost Malaysia Airlines flight MH370, nearly four years after its disappearance‚Ä¶ https://t.co/EVKJH7KImG",-0.3182,0.0,0.119,0.881,01/08/2018 01:32:05,RT @CNNent: Rachel Brosnahan @RachelBros wins Best Performance by an Actress in a Motion Picture - Musical or Comedy for #MrsMaisel. #Golde‚Ä¶,0.886,0.38,0.0,0.62,01/07/2018 23:21:31,".@ArthelNeville: ""Is the AG trying to appease @POTUS?""

@Jamie_Weinstein: ""I think the attorney general has been em‚Ä¶ https://t.co/BdYEOOa62R",0.2732,0.11,0.0,0.89,01/07/2018 21:47:00,Intel Faces Scrutiny as Questions Swirl Over Chip Security. https://t.co/TuFNq7uBa5,0.34,0.211,0.0,0.789
52,01/06/2018 20:24:45,Mark Hughes: Stoke City sack manager after poor run https://t.co/GQRNoxiRdT,-0.4767,0.0,0.256,0.744,01/07/2018 22:00:01,It‚Äôs widely accepted that Vladimir Putin used disinformation warfare to interfere in our 2016 elections. But how? A‚Ä¶ https://t.co/bEyXDyCOP6,-0.0258,0.099,0.103,0.798,01/08/2018 01:30:38,Keep track of all the winners from tonight's Golden Globe Awards here: https://t.co/uTVDvLjqIK https://t.co/LkuMA1OaVo,0.7269,0.337,0.0,0.663,01/07/2018 23:16:00,NJ man arrested 92 times gets decades in prison for killing son's mom https://t.co/S2UxsC3Nk6,-0.8957,0.0,0.495,0.505,01/07/2018 21:33:00,Water Main Break Adds to Misery for Passengers at Kennedy Airport. https://t.co/K8MLwfkJ3T,-0.5719,0.0,0.252,0.748
53,01/06/2018 20:20:46,Airport bars could face hours limits to curb flight rage https://t.co/PyOipVtiSq,-0.5574,0.0,0.265,0.735,01/07/2018 21:41:04,"A terminal at New York City's JFK Airport was evacuated Sunday due to a water main break, adding to an already chao‚Ä¶ https://t.co/mBdac9h3ca",0.0,0.0,0.0,1.0,01/08/2018 01:30:08,"ABC is staging ""Scandal"" and ""How to Get Away with Murder"" crossover episodes https://t.co/6FGHLtIpGN https://t.co/EAyaPFUUxI",-0.6908,0.0,0.251,0.749,01/07/2018 23:11:00,Antifa member ordered to pay legal fees of Berkeley conservative over attempted restraining order https://t.co/2boASDxYcv,0.0258,0.094,0.088,0.818,01/07/2018 20:48:00,Iran Bans English in Primary Schools to Block ‚ÄòCultural Invasion‚Äô. https://t.co/qpT7GZhf8Q,-0.4404,0.0,0.225,0.775
54,01/06/2018 19:07:34,Philippe Coutinho: Liverpool agree ¬£142m deal with Barcelona for Brazil midfielder https://t.co/O2aWFjG8dt,0.3612,0.185,0.0,0.815,01/07/2018 21:21:01,"Almanac: Fannie Farmer
On January 7, 1896, her ""Boston Cooking-School Cook Book"" was published, inspiring generatio‚Ä¶ https://t.co/u2mXtw3eWk",0.4215,0.149,0.0,0.851,01/08/2018 01:21:41,"RT @CNNent: Sam Rockwell wins Best Performance by an Actor in a Supporting Role in a Motion Picture for @3Billboards. #GoldenGlobes
https:/‚Ä¶",0.8957,0.388,0.0,0.612,01/07/2018 23:10:00,"OPINION: Pot is dangerous, not funny -- a doctor tells us why https://t.co/AD8qDFTpzW",-0.6711,0.0,0.355,0.645,01/07/2018 20:47:00,We Have Fewer Crimes. Does That Mean We Need Fewer Police?. https://t.co/TELLCDfvRJ,0.0,0.0,0.0,1.0
55,01/06/2018 18:22:23,RT @BBCScotlandNews: Nico saved: Coastguard team rescues dog from rocks https://t.co/nYXTgnGIsx https://t.co/ya5HM4jxYF,0.6249,0.338,0.0,0.662,01/07/2018 21:01:01,"SpaceX kicks off busy year with launch of mysterious government payload named ""Zuma"" https://t.co/c81FwGo3Be https://t.co/886kYhSxO5",0.0,0.0,0.0,1.0,01/08/2018 01:21:27,"RT @CNNent: Nicole Kidman wins Best Performance by an Actress in a Limited Series or TV Movie for @Big_Little_Lies #GoldenGlobes
https://t.‚Ä¶",0.7906,0.295,0.071,0.634,01/07/2018 23:03:00,#GameofThrones actor Kit Harington kicked out of NYC bar https://t.co/NLxWKkgg2k,0.0,0.0,0.0,1.0,01/07/2018 20:32:00,Opinion: Amber Tamblyn: Redefining the Red Carpet. https://t.co/23uvN49gPa,0.0,0.0,0.0,1.0
56,01/06/2018 18:17:55,Bristol University fire: Crews tackle campus blaze https://t.co/wvoPBTcSLK,-0.34,0.0,0.255,0.745,01/07/2018 20:41:01,"New York City's JFK International Airport struggles to recover after winter storm, and Officials say there aren't e‚Ä¶ https://t.co/CVEGRnCpKS",-0.3612,0.0,0.122,0.878,01/08/2018 01:10:34,The dresses are black. The pins say #TimesUp. Sunday's Golden Globes are the first awards show since the Harvey Wei‚Ä¶ https://t.co/J0wC5DlqUf,0.4588,0.13,0.0,0.87,01/07/2018 23:00:01,.@HeyTammyBruce: 'Fake but important' Trump book proves liberals don't care about the truth         https://t.co/P3nDYCY7L2,-0.088,0.249,0.266,0.484,01/07/2018 20:17:00,Tweet on Massacre Anniversary Puts Harsh Light on Sinn Fein Member. https://t.co/pWe9v18euB,-0.4404,0.0,0.209,0.791
57,01/06/2018 18:12:13,"RT @BBCWalesNews: üéâ Happy 104th birthday Trevor üéÇ
His secrets to a long life include:
‚õ∞ Hill walks six days a week
üï∫ Dancing
üñä Bingo night‚Ä¶",0.5719,0.163,0.0,0.837,01/07/2018 20:25:30,"Ray Thomas, founding member of The Moody Blues, dead at 76 https://t.co/t80OBxGUnL https://t.co/pSmhTxVXMg",-0.7783,0.0,0.382,0.618,01/08/2018 01:00:18,Children's Health Insurance Program (CHIP) funding could run out as soon as this month in some states‚Ä¶ https://t.co/Ce2OpVmHo1,0.0,0.0,0.0,1.0,01/07/2018 22:55:06,".@TomFitton: ""If it's a serious investigation, Mrs. Clinton needs to take some legal counsel and take this more ser‚Ä¶ https://t.co/K4LZqQupgT",0.0516,0.076,0.066,0.859,01/07/2018 20:16:00,FX Investigation of Louis C.K. Finds No Evidence of Workplace Misconduct. https://t.co/sJWpvJQ8fH,-0.296,0.0,0.167,0.833
58,01/06/2018 17:53:22,RT @BBCSport: Liverpool have agreed a ¬£142m deal with Barcelona for Philippe Coutinho - it will be the second most expensive transfer of al‚Ä¶,0.2732,0.091,0.0,0.909,01/07/2018 20:21:32,"Tired of the bitter cold sweeping large portions of the U.S.? Take a look at Sydney, Australia, where they're havin‚Ä¶ https://t.co/PFjdjiDlZ0",-0.6908,0.0,0.241,0.759,01/08/2018 00:50:49,"All eyes will be on Hollywood on Sunday night for the 75th Annual Golden Globe Awards, and not just for stargazing https://t.co/AfQc8xXNWX",0.4588,0.125,0.0,0.875,01/07/2018 22:54:04,".@PMorici1: ""The bottom line here is American companies are doing better since Mr. Trump won the election. They're‚Ä¶ https://t.co/aiKKAuJ4up",0.765,0.28,0.0,0.72,01/07/2018 20:02:00,"Outside Iran‚Äôs Most Notorious Prison, Calls for Loved Ones to Be Freed. https://t.co/bIVJG9kXaW",-0.0442,0.295,0.303,0.402
59,01/06/2018 17:23:53,Coventry City 2-1 Stoke City https://t.co/COJAyEOjLY,0.0,0.0,0.0,1.0,01/07/2018 20:01:01,A unique exhibition at Washington's National Gallery of Art features works by the 17th century painter Vermeer and‚Ä¶ https://t.co/eQXYr20KuL,0.0,0.0,0.0,1.0,01/08/2018 00:31:59,"""We've got a crazy leading the North Korea and we've got a crazy in the White House."" Democratic Rep. John Garamend‚Ä¶ https://t.co/sJHTmdn94r",-0.5859,0.0,0.211,0.789,01/07/2018 22:51:01,".@POTUS, yesterday, on Michael Wolff: ""I never interviewed with him in the @WhiteHouse at all. He was never in the‚Ä¶ https://t.co/HZA6ece644",0.0,0.0,0.0,1.0,01/07/2018 19:15:59,Australia Diary: The Sting of Spring. https://t.co/hT8oKaIrl9,0.0,0.0,0.0,1.0
60,01/06/2018 17:15:15,"RT @BBCSport: Liverpool's Philippe Coutinho is understood to be close to completing a move worth about ¬£142m to Barcelona.

Latest: https:/‚Ä¶",0.2263,0.091,0.0,0.909,01/07/2018 19:41:39,"Eight states plus D.C. have legalized marijuana after Colorado's ""great experiment."" Here's what the state is teach‚Ä¶ https://t.co/jXNh9Hp3FS",0.6249,0.194,0.0,0.806,01/08/2018 00:30:56,"Seth Meyers will host the 75th Annual Golden Globe Awards, where roughly 90 members of the Hollywood Foreign Press‚Ä¶ https://t.co/K7nhL8VbXP",0.4588,0.136,0.0,0.864,01/07/2018 22:48:04,"Trump Book Author Recalls WH Visits, Rebuffs Criticism       https://t.co/jrokFD3Wpp",-0.4404,0.0,0.266,0.734,01/07/2018 19:00:59,"‚ÄòJumanji‚Äô Charges Forth, ‚ÄòThe Last Jedi‚Äô Fizzles in China. https://t.co/6Lqu4QAEGu",-0.2732,0.0,0.189,0.811
61,01/06/2018 16:55:22,"RT @5liveSport: FT: #SkyBlues 2-1 #SCFC

'Coventry City produce a giant killing... they've knocked out their Premier League opposition!' -‚Ä¶",0.0,0.0,0.0,1.0,01/07/2018 19:21:01,President Trump praised adviser Stephen Miller and blasted CNN following a heated appearance by Miller with CNN's J‚Ä¶ https://t.co/n4SbB124y2,0.4939,0.158,0.0,0.842,01/08/2018 00:00:27,Pope Francis is having cards printed and distributed showing a 1945 photo of victims of the nuclear bombing of Naga‚Ä¶ https://t.co/Qv5IG3bfHa,-0.3182,0.0,0.108,0.892,01/07/2018 22:46:21,Volunteer attacked with machete while delivering meals to the homeless https://t.co/cqVRT725JZ,-0.4588,0.0,0.231,0.769,01/07/2018 18:47:59,Major Donor Reconsiders Support for Democrats Who Urged Al Franken to Quit. https://t.co/6ZhR7nwj1f,0.4019,0.184,0.0,0.816
62,01/06/2018 16:51:07,Council officials said the wooden plates pose a risk of food poisoning https://t.co/ga2F2n50hk,-0.7096,0.0,0.371,0.629,01/07/2018 18:41:01,The organizer of CES 2018 -- one of tech's biggest trade shows -- criticized for the lack of female keynote speaker‚Ä¶ https://t.co/jz3QvDmGg7,-0.5859,0.0,0.194,0.806,01/07/2018 23:30:17,"JetBlue says it's handing out $21 million worth of bonuses to employees because of the corporate tax cut. All 21,00‚Ä¶ https://t.co/zZqJOSRMp1",0.5267,0.215,0.082,0.703,01/07/2018 22:46:06,RT @foxnewspolitics: Trump slams 'flunky' CNN star Jake Tapper after Stephen Miller grilling flies off the rails    https://t.co/nwHmPxLnrj,0.0,0.0,0.0,1.0,01/07/2018 18:46:59,Steve Bannon‚Äôs Statement on Donald Trump Jr.. https://t.co/oszU3AEbPg,0.0,0.0,0.0,1.0
63,01/06/2018 15:50:45,"""It is called All The Money In The World, but you can't help feeling you're watching another picture, Kevin Spacey'‚Ä¶ https://t.co/KdgjMdvKXK",-0.5334,0.0,0.189,0.811,01/07/2018 18:21:01,"Sen. Rand Paul says injuries from altercation with neighbor were ""living hell"" https://t.co/Ny0KXScH04 https://t.co/bYZ7h4R5O5",-0.6808,0.0,0.261,0.739,01/07/2018 23:00:20,"How good the market under President Trump really is, in one chart https://t.co/LbKyzKttJK https://t.co/v4FRDFTsnm",0.4404,0.182,0.0,0.818,01/07/2018 22:45:07,".@POTUS: ""We also obviously went into budgets, and we went into DACA... and we hope that we're going to work out an‚Ä¶ https://t.co/Sg90O6ZkOy",0.4404,0.116,0.0,0.884,01/07/2018 18:30:59,The Neediest Cases Fund: Seeing More Than ‚ÄòJust Another Missing Teenager From the Bronx‚Äô. https://t.co/MFMmhfdfMc,-0.296,0.0,0.136,0.864
64,01/06/2018 14:10:32,"RT @BBCSport: It's a busy old afternoon in the #FACup. 

22 third-round ties kick-off at 15:00 GMT.

This way for team news &amp; build-up http‚Ä¶",0.0,0.0,0.0,1.0,01/07/2018 18:01:01,Tom Donilon and Mike Morell discuss their views on a range of foreign policy challenges facing the Trump administra‚Ä¶ https://t.co/2ZNRSdwFrH,0.0772,0.067,0.0,0.933,01/07/2018 22:45:08,President Trump's first-year jobs record was strong. Just not as strong as Obama's last year.‚Ä¶ https://t.co/TVAODRSUN9,0.765,0.32,0.0,0.68,01/07/2018 22:41:57,"NFL‚Äôs Roger Goodell not worried about TV ratings despite backlash over kneeling, concussions
   https://t.co/KGMbpXQI2m",0.2235,0.127,0.0,0.873,01/07/2018 18:29:59,Golden Globes 2018: Stars Will Take Activists to the Red Carpet. https://t.co/iagNWmSye4,0.0,0.0,0.0,1.0
65,01/06/2018 14:08:41,RT @bbcweather: Cold everywhere for the start of Sunday and in some spots in Scotland it could even get down as low as -15C.  If that happe‚Ä¶,-0.2732,0.0,0.075,0.925,01/07/2018 17:41:00,"CIA Director Mike Pompeo discusses the Trump administration's position on North Korea, Pakistan, Iran and more on‚Ä¶ https://t.co/CzHPtFclNU",0.0,0.0,0.0,1.0,01/07/2018 22:30:06,"The Trump administration has revealed its master plan for securing the border ‚Äî and it's going to cost $33 billion,‚Ä¶ https://t.co/NQBatUrJcM",0.3182,0.108,0.0,0.892,01/07/2018 22:41:53,Mysterious x-ray emission may reveal nature of dark matter https://t.co/LxPOzaFZdM,0.0258,0.109,0.0,0.891,01/07/2018 17:45:59,Bannon Issues Apology for Attack on Trump‚Äôs Son. https://t.co/YRqgHA2wzT,-0.4404,0.106,0.274,0.619
66,01/06/2018 13:21:13,Sinn F√©in MP apology over Kingsmill tweet on massacre anniversary https://t.co/SlGMhfw7fs,0.0516,0.107,0.0,0.893,01/07/2018 17:21:02,"""Donald Trump, Jr. is both a patriot and a good man,"" Steve Bannon says he regrets comments about Trump Jr. in new‚Ä¶ https://t.co/JAYy6vTk0b",0.1027,0.119,0.102,0.779,01/07/2018 22:15:08,"The skeletons of two ancient infants, who lived and died in Alaska 11,500 years ago, are helping tell the story of‚Ä¶ https://t.co/h44WrSRDmc",-0.34,0.085,0.14,0.775,01/07/2018 22:35:21,"RT @EricShawnTV: I anchor at 6 pm ET @FoxNews: The #WhiteHouse: @POTUS @realDonaldTrump and Macron say #Tehran uses #Iran's ""wealth to fund‚Ä¶",0.4939,0.144,0.0,0.856,01/07/2018 17:30:59,A Partial Win for Prosecutors Who Targeted Fraternity After Student‚Äôs Death. https://t.co/ftysgKyzgb,-0.0258,0.228,0.234,0.539
67,01/06/2018 13:14:58,"The comic capers of four British comedians stuck in New York 

https://t.co/yQDCVP6CaN https://t.co/s5UesGDirw",0.0516,0.145,0.132,0.724,01/07/2018 17:01:01,As the East Coast attempts to clean up from massive storm that brought more than a foot of snow and coastal floodin‚Ä¶ https://t.co/EMOw1ADoVW,0.4019,0.114,0.0,0.886,01/07/2018 22:00:21,"""We're in a real constitutional crisis."" Investigative reporter Carl Bernstein says the task of reporting on Presid‚Ä¶ https://t.co/zoyWnqMcHs",0.0,0.0,0.0,1.0,01/07/2018 22:30:18,"Boston firefighters battle fire, ice during blaze as deep freeze set to end https://t.co/b2rD9DqKrb",-0.5859,0.07,0.291,0.64,01/07/2018 17:16:59,Nathan Chen Leads Olympic Figure Skating Team; Ross Miner Is Bumped. https://t.co/zJvig7AKRu,0.0,0.0,0.0,1.0
68,01/06/2018 12:35:36,RT @BBCBusiness: Gender pay gap: More than 500 firms reveal their figures https://t.co/OciEXiuJg5,-0.1027,0.0,0.104,0.896,01/07/2018 16:41:01,"John Lithgow on the love that was basis for his new one-man Broadway show ""Stories By Heart,"" and how literature he‚Ä¶ https://t.co/z8Kd02Qt4P",0.6369,0.167,0.0,0.833,01/07/2018 21:45:07,"World's longest glass bridge opens in Hebei, China https://t.co/qlgLreGWd7 (via @CNNTravel) https://t.co/OFhnsCXGVO",0.0,0.0,0.0,1.0,01/07/2018 22:22:20,"On ""Sunday Morning Futures with @MariaBartiromo,"" Sen. @ThomTillis slammed Democrats who have changed their tune ra‚Ä¶ https://t.co/lTzWMDHJdR",0.0,0.0,0.0,1.0,01/07/2018 16:45:59,Coober Pedy Journal: Mending Fences in the War Between Dingoes and Sheep. https://t.co/pVybiYvLtS,-0.5994,0.0,0.245,0.755
69,01/06/2018 11:55:19,RT @BBCHughPym: High level demands for new thinking on NHS funding and cross-party approach - my blog - https://t.co/34iRN7RUsW,0.0,0.0,0.0,1.0,01/07/2018 16:28:01,"Steve Bannon says he regrets explosive comments about Trump Jr. and a meeting with Russian nationals, walking back‚Ä¶ https://t.co/WIa3nSUTNx",-0.3612,0.0,0.128,0.872,01/07/2018 21:30:06,"""I think that he (President Trump) always has to keep (North Korean leader) Kim (Jong Un) on his toes."" - US ambass‚Ä¶ https://t.co/46WNth7M6i",0.0,0.0,0.0,1.0,01/07/2018 22:21:53,"'Jumanji,' shockingly topples 'Star Wars: The Last Jedi' at the box office https://t.co/uBc8oYLqkW",-0.6486,0.0,0.325,0.675,01/07/2018 16:44:59,What to Cook: What to Cook This Week. https://t.co/6bXOW9Rh6I,0.0,0.0,0.0,1.0
70,01/06/2018 11:25:02,"RT @BBCSport: ‚ö°Ô∏è ‚ÄúThis is why we love the FA Cup üòçüèÜ‚Äù

https://t.co/iV7DlJgoqE",0.6369,0.259,0.0,0.741,01/07/2018 16:21:01,The Golden Gate Bridge will get a suicide net that may both prevent deaths and send a signal about the preciousness‚Ä¶ https://t.co/opl37BtPf4,-0.6597,0.047,0.191,0.763,01/07/2018 21:15:07,The 24 most grotesque lines from Jake Tapper's interview of White House senior adviser Stephen Miller‚Ä¶ https://t.co/ZLfTHW5TpW,0.0,0.0,0.0,1.0,01/07/2018 22:16:55,Christians in Egypt celebrate Christmas after year marred by violence - via @christocarbone    https://t.co/ZGewkfCTgn,-0.1027,0.197,0.218,0.585,01/07/2018 16:30:59,Top Trump Adviser Continues Assault on Bannon in Heated TV Interview. https://t.co/rxYNM0ka0k,-0.4588,0.115,0.244,0.641
71,01/06/2018 10:49:00,"RT @bbcstories: ""If I inspire even just one or two young black people to take up the cello or any instrument then that's an amazing and won‚Ä¶",0.8176,0.238,0.0,0.762,01/07/2018 16:01:01,"Measuring Colorado's ""great experiment"" with marijuana, five years after the state voted to allow recreational use‚Ä¶ https://t.co/1TDIsjuORK",0.7184,0.286,0.0,0.714,01/07/2018 21:00:09,Women share #WhyWeWearBlack ahead of Golden Globes https://t.co/iW0GJiOcdW https://t.co/rRtZ5TQnb5,0.296,0.216,0.0,0.784,01/07/2018 22:11:07,"'Mad Pooper' copycat makes 'vile' mess in driveway, Arkansas woman says https://t.co/MKBlcg4NIb",-0.6908,0.0,0.363,0.637,01/07/2018 16:15:59,Judge Faults U.S. for Holding Immigrant Defendants Freed on Bail. https://t.co/cstCCaesU3,-0.1027,0.182,0.209,0.608
72,01/06/2018 10:22:26,"Birmingham restaurant fined ¬£50,000 over wooden serving boards https://t.co/CZKzvUDymK",0.0,0.0,0.0,1.0,01/07/2018 15:43:58,Takata air bags recall expands to 3.3 million vehicles -- making it the largest automotive recall in U.S. history‚Ä¶ https://t.co/8d3LWTR7dk,0.1027,0.069,0.0,0.931,01/07/2018 20:45:04,Secretary of State Rex Tillerson's new line: President Trump is right on everything https://t.co/0Fjo7jSt6r (via @CNNOpinion),0.0,0.0,0.0,1.0,01/07/2018 22:07:06,"TONIGHT: @WilliamJBennett hosts ""The Wise Guys,"" a powerful discussion on America's future - Tune in at 8p &amp; 11p ET‚Ä¶ https://t.co/VoHxXFWJbO",0.7096,0.258,0.0,0.742,01/07/2018 16:00:59,Kushner‚Äôs Financial Ties to Israel Deepen Even With Mideast Diplomatic Role. https://t.co/KROPrYOYki,0.0,0.0,0.0,1.0
73,01/06/2018 10:15:40,Magilligan Prison park run first in NI https://t.co/wHmYTc2QXa,-0.5106,0.0,0.32,0.68,01/07/2018 15:41:01,"""It's the best feeling in the world,""  Greta Gerwig says on directing. The actress has earned plaudits for writing‚Ä¶ https://t.co/aTU6eiTvyx",0.6908,0.241,0.0,0.759,01/07/2018 20:30:09,CIA director defends President Trump's mental abilities https://t.co/M8fQoFNtj9 https://t.co/cDtkvoQA0T,0.25,0.2,0.0,0.8,01/07/2018 22:05:03,".@AlanDersh: ""How dare liberals - people on the left - try to undo democracy by accusing a president of being menta‚Ä¶ https://t.co/gH1oC8mjtQ",-0.1779,0.0,0.086,0.914,01/07/2018 15:59:59,"Golden Globes Briefing: Golden Globes 2018: Seth Meyers Will Host, and Actresses Will Wear Black. https://t.co/oYC94NYsK6",0.0,0.0,0.0,1.0
74,01/06/2018 10:15:40,NI tourism aims to expand with hotel increase in 2018 https://t.co/oUXSaHUmdT,0.5574,0.338,0.0,0.662,01/07/2018 15:21:30,"In minus 18¬∞ F cold, Boston firefighters battle a blaze for hours, as their hats turn to ice blocks and their jacke‚Ä¶ https://t.co/GxD3J2oKcZ",-0.5423,0.0,0.191,0.809,01/07/2018 20:15:10,Water leak floods crowded JFK Airport baggage claim https://t.co/lyAB2vXjz4 https://t.co/ZzjBrTMoK5,-0.34,0.0,0.211,0.789,01/07/2018 22:04:54,"Betty White, 95, speaks about longevity, vodka and hot dogs https://t.co/gwpVS4FrTD",0.0,0.0,0.0,1.0,01/07/2018 14:29:58,Fujimori Urges Peruvians to Set Aside ‚ÄòGrudges‚Äô After His Release. https://t.co/3rZNQ3nBJQ,0.0,0.0,0.0,1.0
75,01/06/2018 10:09:45,RT @BBCNewsbeat: Will Young has received an apology from Transport for London after the singer said he was called a homophobic slur by a bu‚Ä¶,0.0516,0.052,0.0,0.948,01/07/2018 15:01:01,"""SWATting"" prank prompts police to respond to San Francisco home to investigate fake 911 call‚Ä¶ https://t.co/xdCMAU6kdL",-0.4767,0.0,0.171,0.829,01/07/2018 20:00:09,"""Fire and Fury"" author Michael Wolff says the 25th Amendment ‚Äî which addresses the transition of powers if a presid‚Ä¶ https://t.co/9DJWpEtppT",-0.7269,0.0,0.264,0.736,01/07/2018 22:01:27,"This morning on @foxandfriends, @LisaMarieBoothe discussed @TheDemocrats' recent approach to the issue of illegal i‚Ä¶ https://t.co/40pCgCDbp7",-0.5574,0.0,0.194,0.806,01/07/2018 14:28:58,"Golden Globes 2018: At Starry Parties, #MeToo Is Barely Noted. https://t.co/U0ACPoAhiJ",0.4019,0.213,0.0,0.787
76,01/06/2018 09:45:57,John Worboys: Victims 'terrified' by prison release https://t.co/xGc0ltNra1,-0.6808,0.0,0.483,0.517,01/07/2018 14:41:32,A bystander captured video of a driver trying to reverse a car out of the Boston Harbor that was surrounded by rush‚Ä¶ https://t.co/xLqpJcBghd,0.0,0.0,0.0,1.0,01/07/2018 19:45:09,"Here is former White House chief strategist Steve Bannon's full statement on comments attributed to him in ""Fire an‚Ä¶ https://t.co/WFgbuLgpEn",-0.34,0.0,0.112,0.888,01/07/2018 21:57:01,"Trump: 'Fire and Fury' is 'fake book,' Camp David meeting 'great' https://t.co/xUynU7KjPq",-0.8481,0.0,0.505,0.495,01/07/2018 13:58:58,Golden Globes 2018: Where to Stream the Nominated Movies and TV Shows. https://t.co/v04TpJ3bXc,0.0,0.0,0.0,1.0
77,01/06/2018 08:40:10,RT @bbcweather: Scotland &amp; N Ireland: Cold and frosty start for most with a few wintry showers affecting SE Scotland. These showers may con‚Ä¶,0.0,0.0,0.0,1.0,01/07/2018 14:21:01,Single Powerball ticket sold in New Hampshire wins the $570 million jackpot https://t.co/IrW0pw9Nh6 https://t.co/5Dub7HhtzL,0.5719,0.222,0.0,0.778,01/07/2018 19:30:56,"Two commercial planes collide on the ground in Toronto, sparking a small fire and prompting the evacuation of dozen‚Ä¶ https://t.co/tozpXKwIAc",-0.4019,0.0,0.179,0.821,01/07/2018 21:54:42,"Capt. Bob Wells on Olympic discussions between NoKo, SoKo: ""Anything that begins a process to essentially address n‚Ä¶ https://t.co/wJYM3u9LES",0.25,0.105,0.0,0.895,01/07/2018 13:26:58,Golden Globes Briefing: Golden Globes 2018: What to Watch For. https://t.co/oYC94NYsK6,0.0,0.0,0.0,1.0
78,01/06/2018 08:40:03,RT @bbcweather: England &amp; Wales: Icy patches S/SW Eng - otherwise mainly cloudy start with patchy rain and hill snow across N Wales &amp; N/NE‚Ä¶,0.0,0.0,0.0,1.0,01/07/2018 14:03:05,Spirit Airlines passenger accused of inappropriately touching woman on flight https://t.co/Y6PWOmVLVx https://t.co/mjbf4sXg6i,-0.128,0.122,0.158,0.719,01/07/2018 19:15:07,"""It doesn't take a genius"" to see President Trump is ""badgering"" the Clinton Foundation investigation, says House I‚Ä¶ https://t.co/F9OE3IXOHN",0.0,0.0,0.0,1.0,01/07/2018 21:53:01,".@VP: ""Rebuilding our military. Supporting law enforcement. Historic regulatory reform."" https://t.co/0AqYKEDrqP",0.4404,0.225,0.0,0.775,01/07/2018 13:13:58,Fujimori Calls on Peruvians to Set Aside ‚ÄòGrudges‚Äô After His Release. https://t.co/3rZNQ3nBJQ,0.0,0.0,0.0,1.0
79,01/06/2018 04:12:44,Labour criticised over reaction to Iran protests https://t.co/ra0S4iYcoF,-0.5719,0.0,0.439,0.561,01/07/2018 13:48:05,"U.S. Ambassador Nikki Haley: ""Iranian regime is now on notice"" https://t.co/Cl7GLCXveJ https://t.co/bwyaX9IzKG",0.0,0.0,0.0,1.0,01/07/2018 19:00:19,New Homeland Security Secretary Kirstjen Nielsen secretary faces her first immigration litmus test‚Ä¶ https://t.co/4IIbzqGJLr,0.34,0.156,0.0,0.844,01/07/2018 21:52:36,".@KevinJacksonTBS: ""[Barack Obama] lost 17,000 manufacturing jobs in the last year of his presidency, and President‚Ä¶ https://t.co/2u89FuD9JI",-0.3182,0.0,0.126,0.874,01/07/2018 12:44:58,"The Befana Market, a Beloved Roman Tradition, Is Imperiled. https://t.co/qO3U39HaJ0",0.5106,0.292,0.0,0.708
80,01/06/2018 04:01:53,Government plans 'English hubs' to boost child literacy https://t.co/iJ3doxeUZf,0.4019,0.252,0.0,0.748,01/07/2018 13:33:06,"Why Michael Wolff's tell-all book is ""very serious"" for the White House https://t.co/xjZAUI9wGH https://t.co/iYZs36zTz3",-0.1513,0.0,0.109,0.891,01/07/2018 18:45:14,Saudi Arabia arrests 11 princes protesting cuts to perks https://t.co/i1txXespuD https://t.co/Jjb7O0O5qM,-0.7845,0.0,0.497,0.503,01/07/2018 21:51:02,".@POTUS, yesterday: ""There's been no collusion between us and the Russians. Now there has been collusion between‚Ä¶ https://t.co/5G5UH1NnOH",-0.296,0.0,0.115,0.885,01/07/2018 12:43:58,Rohingya Militants in Myanmar Claim Responsibility for Attack. https://t.co/3Kj2OyjJl7,-0.4767,0.0,0.279,0.721
81,01/06/2018 02:39:18,Proton beam cancer treatment to start in Manchester in 2018 https://t.co/U0CEvg9HeQ,-0.6597,0.0,0.306,0.694,01/07/2018 13:18:09,.@60Minutes asks Russian network's editor-in-chief if it backed Trump https://t.co/BipXqpELlr https://t.co/PqoxeLk3I8,0.0258,0.099,0.0,0.901,01/07/2018 18:30:21,Here's a look at the week in politics https://t.co/2IBAcXbiud https://t.co/i1JPHnAXLU,0.0,0.0,0.0,1.0,01/07/2018 21:49:25,"RT @FoxBusiness: .@mattgaetz on if DOJ and FBI refuse to comply with a subpoena issued by Congress to turn over documents: ""People at the h‚Ä¶",-0.296,0.0,0.087,0.913,01/07/2018 10:13:57,"Homes that Sold for Around $600,000. https://t.co/ktJwtKNAkt",0.0,0.0,0.0,1.0
82,01/06/2018 01:20:46,Transport for London 'sorry' over Will Young abuse claims https://t.co/kpTsXN1MnU,-0.6369,0.0,0.318,0.682,01/07/2018 13:03:05,"Olympic boxer Paul Gonzales accused of lewd acts on girl he met at California gym, deputies say‚Ä¶ https://t.co/JYOvLhsS4L",-0.296,0.0,0.115,0.885,01/07/2018 18:15:07,"This ministry has the ""intractable"" task of reuniting North and South Korea https://t.co/aE2YJdwCkt https://t.co/LnDFXx2FCa",0.0,0.0,0.0,1.0,01/07/2018 21:42:03,"UNICEF using biased information to blacklist Israel military, critics say https://t.co/ASIbxG4yim",-0.5106,0.0,0.323,0.677,01/07/2018 09:27:57,Trump‚Äôs Twitter Threats Put American Credibility on the Line. https://t.co/N8r75Lorzg,-0.4215,0.0,0.237,0.763
83,01/06/2018 01:20:46,Northampton GP 'stroked 16-year-old's nipples' https://t.co/VsKjhfUpmN,0.0,0.0,0.0,1.0,01/07/2018 12:48:07,"Patriots' Tom Brady, Bill Belichick and Robert Kraft respond to reports of friction https://t.co/nzG2N5QiYr https://t.co/QN28mRsp42",0.0,0.0,0.0,1.0,01/07/2018 18:00:14,US adds platform for stealth jets to Pacific https://t.co/zzJdaXDY3F https://t.co/q9CBqsReTY,-0.0772,0.0,0.126,0.874,01/07/2018 21:40:58,Office of @PressSec: Readout of @POTUS‚Äôs Call with President @EmmanuelMacron of France. https://t.co/s6jQNNWufO,0.0,0.0,0.0,1.0,01/07/2018 07:27:56,"Rangers 2, Coyotes 1 in overtime: Henrik Lundqvist Has the Last Word as the Rangers Win in a Shootout. https://t.co/g9fzlAAtaS",0.5859,0.183,0.0,0.817
84,01/05/2018 23:54:07,Gender pay gap: More than 500 firms reveal their figures https://t.co/4JYe0rbYda,-0.1027,0.0,0.123,0.877,01/07/2018 12:33:05,"Gary Cohn answers question about future at White House: ""I'm here today"" https://t.co/6DqfSDBHl4 https://t.co/7ioJR4zpPS",0.0,0.0,0.0,1.0,01/07/2018 18:00:03,Former White House chief strategist Steve Bannon says he regrets not responding sooner to comments attributed to hi‚Ä¶ https://t.co/XbfGSjwv7I,-0.3612,0.0,0.122,0.878,01/07/2018 21:36:43,"Chris Christie thinks he'd be president if Trump hadn't run, report says https://t.co/zxfuBTV4YW",0.0,0.0,0.0,1.0,01/07/2018 06:57:56,32 Sailors Missing After Ships Collide Off China‚Äôs East Coast. https://t.co/rOzW7V6DC4,-0.3612,0.0,0.28,0.72
85,01/05/2018 23:46:56,Republicans urge investigation into Trump dossier author https://t.co/jUL39flaEf,0.0,0.0,0.0,1.0,01/07/2018 12:18:09,Cold temperatures in Florida are causing iguanas to go listless and fall out of trees https://t.co/0sEDabg4u8 https://t.co/rbh4ry2zz2,0.0,0.0,0.0,1.0,01/07/2018 17:45:15,What you need to know about hackers who might try to exploit Spectre and Meltdown bugs https://t.co/mrnKPG2Oaz https://t.co/SMQkrNHn2h,-0.1027,0.0,0.076,0.924,01/07/2018 21:33:03,".@SenateMajLdr: ""From a right-of-center point of view, 2017 was the most consequential year in the many years that‚Ä¶ https://t.co/UEvnPqRMW4",0.0,0.0,0.0,1.0,01/07/2018 06:29:56,Nathan Chen Soars on 5 Quads and Skates Away With the U.S. Crown. https://t.co/x2o0qKGsJx,0.0,0.0,0.0,1.0
86,01/05/2018 23:17:37,UK online casinos face money laundering probe https://t.co/4hnL2Uizxx,0.0,0.0,0.0,1.0,01/07/2018 12:03:05,Philip Morris wants to quit its tobacco habit https://t.co/woxgalvmQj https://t.co/68vrVSl7Rz,0.0,0.0,0.0,1.0,01/07/2018 17:30:06,"Actor Jerry Van Dyke, brother of Dick, dies at age 86 https://t.co/E0FabaOazB https://t.co/xbrFGdWlQd",-0.7096,0.0,0.349,0.651,01/07/2018 21:28:03,".@eScarry on #Trump border plan: ""Democrats are banking on the idea that they don't have very much incentive to be‚Ä¶ https://t.co/2Nse2DfVok",0.4173,0.122,0.0,0.878,01/07/2018 06:28:56,"Horace Ashenfelter, Olympic Victor of a Cold War Showdown, Dies at 94. https://t.co/FPn3z9taah",-0.5994,0.0,0.262,0.738
87,01/05/2018 22:42:53,"RT @BBCSport: They left it until the 84th minute, but Man Utd are through to the fourth round of the #FACup !

Full report hereüëá
https://t.‚Ä¶",0.0,0.0,0.0,1.0,01/07/2018 11:48:05,"Sen. Chuck Grassley and Sen. Lindsay Graham call for investigation into ""Trump dossier"" author‚Ä¶ https://t.co/8ATF6hAN7B",0.0,0.0,0.0,1.0,01/07/2018 17:15:02,The new tax law is expected to spark a $450 billion buyout bonanza for Wall Street https://t.co/jIgosqHNQF https://t.co/tTyCFgxQea,0.2263,0.106,0.0,0.894,01/07/2018 21:21:30,"In an interview with @njdotcom, @ChrisChristie said that had @realDonaldTrump not run in the 2016 GOP presidential‚Ä¶ https://t.co/3TJmcWEnjb",0.0,0.0,0.0,1.0,01/07/2018 06:27:56,What‚Äôs on TV Sunday: The Golden Globes and ‚ÄòThe Chi‚Äô. https://t.co/ZPrHVaTsHd,0.0,0.0,0.0,1.0
88,01/05/2018 22:35:36,"Saturday's Guardian: ""Taxicab rapist may face fresh prosecutions"" (via @hendopolis) #tomorrowspaperstoday https://t.co/97SojJe4JK",-0.5574,0.134,0.285,0.581,01/07/2018 11:33:06,"Overwhelmed by flu cases, some ERs turn ambulances away https://t.co/MsBKJcBMbG https://t.co/dj2QAyC773",-0.34,0.094,0.203,0.703,01/07/2018 17:00:13,"Sydney, Australia, swelters with near-record high temperature https://t.co/bbP4JamsYN https://t.co/U5cAGGTFmt",0.0,0.0,0.0,1.0,01/07/2018 21:13:04,Mississippi woman bags deer ahead of her 100th birthday https://t.co/YbPZGpZheh,0.0,0.0,0.0,1.0,01/07/2018 06:13:56,"Falcons 26, Rams 13: Falcons Hang On Against the Rams for a Tough Playoff Win. https://t.co/WJdQHqSNls",0.5106,0.208,0.082,0.71
89,01/05/2018 22:35:27,"Saturday's Star: ""Dancing on ice stars hit by killer flu"" (via @hendopolis) #tomorrowspaperstoday https://t.co/kIhsSji0Ko",-0.7845,0.0,0.365,0.635,01/07/2018 11:18:07,Michael Wolff: President Trump entertained idea of Jared Kushner as possible future secretary of state‚Ä¶ https://t.co/xvE9VhD7ut,0.4019,0.153,0.0,0.847,01/07/2018 16:51:20,"""There's only one viewer you care about,"" CNN's Jake Tapper tells Trump aide Stephen Miller during fiery interview‚Ä¶ https://t.co/QiQFwegF5P",0.2023,0.142,0.106,0.752,01/07/2018 21:09:19,"On @foxandfriends‚Äã, @LawrenceBJones3 slammed Democrats and liberal politicians who he says aren't putting Americans‚Ä¶ https://t.co/EwKWxn9Wkk",0.0,0.0,0.0,1.0,01/07/2018 05:13:56,Reader‚Äôs Notebook: Total Recall: A Reader‚Äôs Guide to Memory Gain. https://t.co/IyzfyBEVnQ,0.5267,0.274,0.0,0.726
90,01/05/2018 22:35:14,"Saturday's Mirror: ""Bulger killer in secret trial"" (via @hendopolis) #tomorrowspaperstoday https://t.co/2OK5MMMHXG",-0.6486,0.0,0.301,0.699,01/07/2018 11:03:05,"President Trump says he would ""absolutely"" engage in talks with Kim Jong Un https://t.co/vNNwOs5gEa https://t.co/aWQND2QPZy",0.34,0.146,0.0,0.854,01/07/2018 16:30:17,"Attorney General Jeff Sessions' marijuana move will backfire, writes Michael Chernis for @CNNOpinion‚Ä¶ https://t.co/6ZDLmjl4nD",0.0,0.0,0.0,1.0,01/07/2018 20:57:59,JFK Airport water main break forces terminal evacuation amid massive delays https://t.co/AONLLQl98D,0.0,0.0,0.0,1.0,01/07/2018 02:12:55,"Titans 22, Chiefs 21: Marcus Mariota, With a Play for the Ages, Leads the Titans Past the Chiefs. https://t.co/ncJKM2Yh0e",0.34,0.124,0.0,0.876
91,01/05/2018 22:23:26,"Saturday's FT: ""Hopes rise for productivity rebound"" (via @hendopolis) #tomorrowspaperstoday https://t.co/5a1LpMeEN7",0.4215,0.219,0.0,0.781,01/07/2018 10:48:05,"""I think you're a psychopath"": Judge rebukes man who killed infant in play pen https://t.co/73cHVKQkY2 https://t.co/d7Y4diOizK",-0.4767,0.121,0.226,0.653,01/07/2018 16:15:07,Comedian Stephen Colbert extends Trump satire into animated realm https://t.co/KJ7lMFWJZ3 https://t.co/1kOegGN4hF,0.4767,0.313,0.0,0.687,01/07/2018 20:55:27,Trump slams 'flunky' CNN star Jake Tapper after Stephen Miller grilling goes off the rails https://t.co/b9Qzbk5Hhj,0.0,0.0,0.0,1.0,01/07/2018 01:27:55,"North Dakota State 17, James Madison 13: North Dakota State Reclaims F.C.S. Title From James Madison. https://t.co/Axp6DHLhGf",0.0,0.0,0.0,1.0
92,01/05/2018 22:23:13,"Saturday's Independent: ""Children's wards under threat in winter crisis"" (via @hendopolis) #tomorrowspaperstoday https://t.co/5sgrxbH9gj",-0.8176,0.0,0.405,0.595,01/07/2018 10:33:05,Pres. Trump wants $18 billion from Congress for border wall https://t.co/hL7E8pRrp7 https://t.co/OO1SruS4iN,0.0,0.0,0.0,1.0,01/07/2018 16:00:13,"""Fire and Fury"" publisher is rushing to print more books https://t.co/ePWQLwTdBH https://t.co/28sqcnsyzJ",-0.7269,0.0,0.379,0.621,01/07/2018 20:51:05,".@POTUS, yesterday: ""The wall's going to happen or we're not going to have DACA."" https://t.co/XHSX0qTMf7 https://t.co/BxlY8eeIBa",0.0,0.0,0.0,1.0,01/07/2018 00:56:55,Gunmen Kill 13 in Restive Southern Region of Senegal. https://t.co/oAYLdtkioB,-0.6908,0.0,0.343,0.657
93,01/05/2018 22:07:13,"Saturday's Express: ""NHS warning: icy blast can kill"" (via @hendopolis) #tomorrowspaperstoday https://t.co/jxDU41NJdF",-0.7964,0.0,0.415,0.585,01/07/2018 10:18:09,Immigrant acquitted in Kate Steinle San Francisco pier shooting sentenced on gun charge https://t.co/TomplXyFxd https://t.co/icL9FFD3ZV,-0.128,0.114,0.2,0.686,01/07/2018 15:45:16,Soccer player Philippe Coutinho to have $481 million buyout clause after the Brazilian joins Barcelona from Liverpo‚Ä¶ https://t.co/kTh28xJO6J,0.0,0.0,0.0,1.0,01/07/2018 20:48:01,".@Jim_Jordan on Clinton probe: ""Until this week, we hadn't seen much difference between this attorney general and t‚Ä¶ https://t.co/LPX8BIgXzA",0.0,0.0,0.0,1.0,01/06/2018 22:45:54,A Swiss Banker Helped Americans Dodge Taxes. Was It a Crime?. https://t.co/7SP45DaxN6,0.0,0.0,0.0,1.0
94,01/05/2018 22:06:37,"Saturday's Telegraph: ""May torn over timing of Hunt's promotion"" (via @hendopolis) #tomorrowspaperstoday https://t.co/WVCZtgmGET",-0.25,0.0,0.143,0.857,01/07/2018 10:03:05,Virginia girl sledding down driveway killed by pickup truck https://t.co/Oqo45hJ2ih https://t.co/3bcZqaqFTB,-0.6705,0.0,0.31,0.69,01/07/2018 15:32:36,"During a fiery interview with CNN's Jake Tapper‚Äã, White House senior policy adviser Stephen Miller called former Wh‚Ä¶ https://t.co/7yPKNksLFW",-0.34,0.0,0.124,0.876,01/07/2018 20:47:34,"On ""Sunday Morning Futures with @MariaBartiromo,"" Sen. @ThomTillis slammed Democrats who have changed their tune ra‚Ä¶ https://t.co/gGRsYl49HO",0.0,0.0,0.0,1.0,01/06/2018 22:44:54,"From Mexico to the U.S., a Nafta Tale of Two Truckers. https://t.co/TQ3UvTV6bB",0.0,0.0,0.0,1.0
95,01/05/2018 22:06:26,"Saturday's Mail: ""Now the NHS tells us: Don't get ill"" (via @hendopolis) #tomorrowspaperstoday https://t.co/JnutjApofb",0.3252,0.152,0.0,0.848,01/07/2018 09:48:04,CDC to hold briefing on how public can prepare for nuclear war https://t.co/zPAh21kkoB https://t.co/A9IIuYcw9T,-0.5994,0.0,0.231,0.769,01/07/2018 15:15:06,"East Coast brrraces for more chill, but warmer weather on the way https://t.co/WG5psteEgB https://t.co/NBB4qW3E6W",0.4932,0.197,0.0,0.803,01/07/2018 20:38:53,".@cvpayne: ""The [unemployment] numbers have come down for all racial demographics, but they've come down sharper...‚Ä¶ https://t.co/ZjFgnziCGB",0.0,0.0,0.0,1.0,01/06/2018 22:43:54,Humira‚Äôs Best-Selling Drug Formula: Start at a High Price. Go Higher.. https://t.co/yCPBfyfXVQ,0.0,0.0,0.0,1.0
96,01/05/2018 21:37:39,House of Fraser aims to cut store rents https://t.co/KKC989pcqF,-0.2732,0.0,0.208,0.792,01/07/2018 09:33:06,"""Scariest moment of my life"": Cruise ship rides through fierce winter storm https://t.co/IaTztVGyYG https://t.co/TKduGAhKHw",0.0,0.0,0.0,1.0,01/07/2018 15:01:23,".@VanJones68 on #CNNSOTU: ""The people who are actually in charge of the nuclear arsenal have to be evaluated, but t‚Ä¶ https://t.co/8Dhz6mzTKu",0.0,0.0,0.0,1.0,01/07/2018 20:36:25,RT @EricShawnTV: I anchor @FoxNews at 4pm ET: More calls for #Iran freedom with #Iranprotests. The defiance was heard in front of the #Whit‚Ä¶,0.6369,0.16,0.0,0.84,01/06/2018 22:41:54,Southwest Airlines Settles Suit but Denies Colluding to Keep Ticket Prices High. https://t.co/I53pde6SJP,-0.7579,0.0,0.371,0.629
97,01/05/2018 21:31:39,"RT @BBCBreaking: Russia mounts fierce criticism of US for convening UN Security Council over Iran protests that are"" internal affair"" https‚Ä¶",-0.34,0.095,0.19,0.714,01/07/2018 09:18:07,Missing Colorado woman Natalie Bollinger found dead after getting restraining order https://t.co/Y6pBz29W4S https://t.co/WJouehlXOY,-0.7579,0.0,0.371,0.629,01/07/2018 15:00:22,"Delta Air Lines flew its last Boeing 747 to an aircraft boneyard in Arizona this week, ending operations for 747s b‚Ä¶ https://t.co/RcKxWOpop6",0.0,0.0,0.0,1.0,01/07/2018 20:34:05,".@RCamposDuffy: ""@BarackObama would've killed for these numbers. He presided over one of the worst recoveries since‚Ä¶ https://t.co/Cx0y3VuIvh",-0.8625,0.0,0.364,0.636,01/06/2018 21:25:53,India‚Äôs Economic Woes Are Piercing Modi‚Äôs Aura of Invulnerability. https://t.co/dUOA2K3RsZ,-0.4404,0.0,0.244,0.756
98,01/05/2018 20:48:44,Branson hits back at East Coast rail franchise critics https://t.co/JzZEOG0AAF,-0.296,0.0,0.196,0.804,01/07/2018 09:03:09,Dog chained outside Connecticut home found frozen to death https://t.co/g0AV7eAXiF https://t.co/scIPtPriyH,-0.5994,0.0,0.281,0.719,01/07/2018 14:53:06,"Former George W. Bush strategist Mark McKinnon on the Trump White House response to ""Fire and Fury:"" ""The worst thi‚Ä¶ https://t.co/3fi52Vzsn4",-0.7579,0.0,0.255,0.745,01/07/2018 20:32:05,".@SpeakerRyan: ""We have a very bold agenda for 2018."" https://t.co/LZLXqCo0W6",0.4391,0.266,0.0,0.734,01/06/2018 20:53:53,"John Young, Who Led First Space Shuttle Mission, Dies at 87. https://t.co/uKsBDCxSaA",0.0,0.0,0.0,1.0
99,01/05/2018 20:44:50,Woman dies after fall from Scott Monument https://t.co/rOjkr9lMnK,0.0,0.0,0.0,1.0,01/07/2018 08:48:04,Officials issue warning about eating romaine lettuce amid E. coli outbreak https://t.co/bw1FEZ80bo https://t.co/iZ9ZBzktcO,-0.34,0.0,0.167,0.833,01/07/2018 14:47:32,"Former Obama senior adviser David Axelrod on the Trump White House response to ""Fire and Fury:"" ""I think this has b‚Ä¶ https://t.co/FmwiOhipoZ",-0.34,0.0,0.103,0.897,01/07/2018 20:29:15,"On @MediaBuzzFNC, Anthony @Scaramucci slammed Michael Wolff's book ""Fire and Fury,"" and defended the accomplishment‚Ä¶ https://t.co/FW2UsVcxm9",-0.34,0.0,0.138,0.862,01/06/2018 20:42:53,Opinion: Retirement Tips for the Age of Trump. https://t.co/xV7yUv1aoN,0.0,0.0,0.0,1.0
